{
  "fio version" : "fio-3.36",
  "timestamp" : 1777180215,
  "timestamp_ms" : 1777180215334,
  "time" : "Sun Apr 26 05:10:15 2026",
  "global options" : {
    "ioengine" : "psync",
    "direct" : "0",
    "group_reporting" : "1"
  },
  "jobs" : [
    {
      "jobname" : "rand-rw",
      "groupid" : 0,
      "job_start" : 1777180020454,
      "error" : 0,
      "eta" : 0,
      "elapsed" : 195,
      "job options" : {
        "rw" : "randrw",
        "rwmixread" : "70",
        "bs" : "4k",
        "size" : "2G",
        "numjobs" : "1",
        "filename" : "/mnt/rclone/rand-rw.bin"
      },
      "read" : {
        "io_bytes" : 1501749248,
        "io_kbytes" : 1466552,
        "bw_bytes" : 7713025,
        "bw" : 7532,
        "iops" : 1883.062921,
        "runtime" : 194703,
        "total_ios" : 366638,
        "short_ios" : 0,
        "drop_ios" : 0,
        "slat_ns" : {
          "min" : 0,
          "max" : 0,
          "mean" : 0.000000,
          "stddev" : 0.000000,
          "N" : 0
        },
        "clat_ns" : {
          "min" : 85198,
          "max" : 610091214,
          "mean" : 408750.026034,
          "stddev" : 1699578.733040,
          "N" : 366638,
          "percentile" : {
            "1.000000" : 166912,
            "5.000000" : 183296,
            "10.000000" : 201728,
            "20.000000" : 222208,
            "30.000000" : 238592,
            "40.000000" : 257024,
            "50.000000" : 276480,
            "60.000000" : 296960,
            "70.000000" : 325632,
            "80.000000" : 387072,
            "90.000000" : 651264,
            "95.000000" : 790528,
            "99.000000" : 2834432,
            "99.500000" : 5210112,
            "99.900000" : 9371648,
            "99.950000" : 12517376,
            "99.990000" : 37486592
          }
        },
        "lat_ns" : {
          "min" : 85498,
          "max" : 610091715,
          "mean" : 408992.596027,
          "stddev" : 1699584.217260,
          "N" : 366638
        },
        "bw_min" : 200,
        "bw_max" : 11240,
        "bw_agg" : 100.000000,
        "bw_mean" : 7555.309278,
        "bw_dev" : 2063.359072,
        "bw_samples" : 388,
        "iops_min" : 50,
        "iops_max" : 2810,
        "iops_mean" : 1888.824742,
        "iops_stddev" : 515.844036,
        "iops_samples" : 388
      },
      "write" : {
        "io_bytes" : 645734400,
        "io_kbytes" : 630600,
        "bw_bytes" : 3316509,
        "bw" : 3238,
        "iops" : 809.694766,
        "runtime" : 194703,
        "total_ios" : 157650,
        "short_ios" : 0,
        "drop_ios" : 0,
        "slat_ns" : {
          "min" : 0,
          "max" : 0,
          "mean" : 0.000000,
          "stddev" : 0.000000,
          "N" : 0
        },
        "clat_ns" : {
          "min" : 76927,
          "max" : 32139209,
          "mean" : 273756.647352,
          "stddev" : 189201.362523,
          "N" : 157650,
          "percentile" : {
            "1.000000" : 166912,
            "5.000000" : 181248,
            "10.000000" : 197632,
            "20.000000" : 218112,
            "30.000000" : 232448,
            "40.000000" : 246784,
            "50.000000" : 264192,
            "60.000000" : 276480,
            "70.000000" : 292864,
            "80.000000" : 317440,
            "90.000000" : 346112,
            "95.000000" : 378880,
            "99.000000" : 489472,
            "99.500000" : 610304,
            "99.900000" : 1253376,
            "99.950000" : 1810432,
            "99.990000" : 5013504
          }
        },
        "lat_ns" : {
          "min" : 77227,
          "max" : 32139608,
          "mean" : 274135.236974,
          "stddev" : 189235.417592,
          "N" : 157650
        },
        "bw_min" : 40,
        "bw_max" : 5056,
        "bw_agg" : 100.000000,
        "bw_mean" : 3248.559278,
        "bw_dev" : 908.618279,
        "bw_samples" : 388,
        "iops_min" : 10,
        "iops_max" : 1264,
        "iops_mean" : 812.134021,
        "iops_stddev" : 227.162107,
        "iops_samples" : 388
      },
      "trim" : {
        "io_bytes" : 0,
        "io_kbytes" : 0,
        "bw_bytes" : 0,
        "bw" : 0,
        "iops" : 0.000000,
        "runtime" : 0,
        "total_ios" : 0,
        "short_ios" : 0,
        "drop_ios" : 0,
        "slat_ns" : {
          "min" : 0,
          "max" : 0,
          "mean" : 0.000000,
          "stddev" : 0.000000,
          "N" : 0
        },
        "clat_ns" : {
          "min" : 0,
          "max" : 0,
          "mean" : 0.000000,
          "stddev" : 0.000000,
          "N" : 0
        },
        "lat_ns" : {
          "min" : 0,
          "max" : 0,
          "mean" : 0.000000,
          "stddev" : 0.000000,
          "N" : 0
        },
        "bw_min" : 0,
        "bw_max" : 0,
        "bw_agg" : 0.000000,
        "bw_mean" : 0.000000,
        "bw_dev" : 0.000000,
        "bw_samples" : 0,
        "iops_min" : 0,
        "iops_max" : 0,
        "iops_mean" : 0.000000,
        "iops_stddev" : 0.000000,
        "iops_samples" : 0
      },
      "sync" : {
        "total_ios" : 0,
        "lat_ns" : {
          "min" : 0,
          "max" : 0,
          "mean" : 0.000000,
          "stddev" : 0.000000,
          "N" : 0
        }
      },
      "job_runtime" : 194702,
      "usr_cpu" : 1.794537,
      "sys_cpu" : 11.613645,
      "ctx" : 524514,
      "majf" : 0,
      "minf" : 14,
      "iodepth_level" : {
        "1" : 100.000000,
        "2" : 0.000000,
        "4" : 0.000000,
        "8" : 0.000000,
        "16" : 0.000000,
        "32" : 0.000000,
        ">=64" : 0.000000
      },
      "iodepth_submit" : {
        "0" : 0.000000,
        "4" : 100.000000,
        "8" : 0.000000,
        "16" : 0.000000,
        "32" : 0.000000,
        "64" : 0.000000,
        ">=64" : 0.000000
      },
      "iodepth_complete" : {
        "0" : 0.000000,
        "4" : 100.000000,
        "8" : 0.000000,
        "16" : 0.000000,
        "32" : 0.000000,
        "64" : 0.000000,
        ">=64" : 0.000000
      },
      "latency_ns" : {
        "2" : 0.000000,
        "4" : 0.000000,
        "10" : 0.000000,
        "20" : 0.000000,
        "50" : 0.000000,
        "100" : 0.000000,
        "250" : 0.000000,
        "500" : 0.000000,
        "750" : 0.000000,
        "1000" : 0.000000
      },
      "latency_us" : {
        "2" : 0.000000,
        "4" : 0.000000,
        "10" : 0.000000,
        "20" : 0.000000,
        "50" : 0.000000,
        "100" : 0.010000,
        "250" : 37.529755,
        "500" : 51.105499,
        "750" : 6.931114,
        "1000" : 2.859116
      },
      "latency_ms" : {
        "2" : 0.727081,
        "4" : 0.283432,
        "10" : 0.499916,
        "20" : 0.048447,
        "50" : 0.010000,
        "100" : 0.010000,
        "250" : 0.010000,
        "500" : 0.010000,
        "750" : 0.010000,
        "1000" : 0.000000,
        "2000" : 0.000000,
        ">=2000" : 0.000000
      },
      "latency_depth" : 1,
      "latency_target" : 0,
      "latency_percentile" : 100.000000,
      "latency_window" : 0
    }
  ]
}
