{
  "fio version" : "fio-3.36",
  "timestamp" : 1777186861,
  "timestamp_ms" : 1777186861056,
  "time" : "Sun Apr 26 07:01:01 2026",
  "global options" : {
    "ioengine" : "psync",
    "direct" : "0",
    "group_reporting" : "1"
  },
  "jobs" : [
    {
      "jobname" : "rand-rw",
      "groupid" : 0,
      "job_start" : 1777186711933,
      "error" : 0,
      "eta" : 0,
      "elapsed" : 150,
      "job options" : {
        "rw" : "randrw",
        "rwmixread" : "70",
        "bs" : "4k",
        "size" : "2G",
        "numjobs" : "1",
        "filename" : "/mnt/rclone/rand-rw.bin"
      },
      "read" : {
        "io_bytes" : 1501749248,
        "io_kbytes" : 1466552,
        "bw_bytes" : 10087790,
        "bw" : 9851,
        "iops" : 2462.839563,
        "runtime" : 148868,
        "total_ios" : 366638,
        "short_ios" : 0,
        "drop_ios" : 0,
        "slat_ns" : {
          "min" : 0,
          "max" : 0,
          "mean" : 0.000000,
          "stddev" : 0.000000,
          "N" : 0
        },
        "clat_ns" : {
          "min" : 55500,
          "max" : 459204480,
          "mean" : 279458.196843,
          "stddev" : 938898.862399,
          "N" : 366638,
          "percentile" : {
            "1.000000" : 168960,
            "5.000000" : 181248,
            "10.000000" : 199680,
            "20.000000" : 216064,
            "30.000000" : 228352,
            "40.000000" : 242688,
            "50.000000" : 257024,
            "60.000000" : 272384,
            "70.000000" : 288768,
            "80.000000" : 313344,
            "90.000000" : 346112,
            "95.000000" : 382976,
            "99.000000" : 569344,
            "99.500000" : 806912,
            "99.900000" : 2113536,
            "99.950000" : 3325952,
            "99.990000" : 14352384
          }
        },
        "lat_ns" : {
          "min" : 55699,
          "max" : 459396489,
          "mean" : 279693.010176,
          "stddev" : 939159.412108,
          "N" : 366638
        },
        "bw_min" : 584,
        "bw_max" : 12568,
        "bw_agg" : 100.000000,
        "bw_mean" : 9854.744108,
        "bw_dev" : 2043.150097,
        "bw_samples" : 297,
        "iops_min" : 146,
        "iops_max" : 3142,
        "iops_mean" : 2463.683502,
        "iops_stddev" : 510.789586,
        "iops_samples" : 297
      },
      "write" : {
        "io_bytes" : 645734400,
        "io_kbytes" : 630600,
        "bw_bytes" : 4337630,
        "bw" : 4235,
        "iops" : 1058.991859,
        "runtime" : 148868,
        "total_ios" : 157650,
        "short_ios" : 0,
        "drop_ios" : 0,
        "slat_ns" : {
          "min" : 0,
          "max" : 0,
          "mean" : 0.000000,
          "stddev" : 0.000000,
          "N" : 0
        },
        "clat_ns" : {
          "min" : 59776,
          "max" : 370912520,
          "mean" : 284185.147276,
          "stddev" : 1360608.449106,
          "N" : 157650,
          "percentile" : {
            "1.000000" : 168960,
            "5.000000" : 181248,
            "10.000000" : 199680,
            "20.000000" : 216064,
            "30.000000" : 230400,
            "40.000000" : 244736,
            "50.000000" : 257024,
            "60.000000" : 272384,
            "70.000000" : 288768,
            "80.000000" : 313344,
            "90.000000" : 346112,
            "95.000000" : 382976,
            "99.000000" : 569344,
            "99.500000" : 823296,
            "99.900000" : 2007040,
            "99.950000" : 2998272,
            "99.990000" : 18219008
          }
        },
        "lat_ns" : {
          "min" : 60074,
          "max" : 370913516,
          "mean" : 284564.513758,
          "stddev" : 1361175.561647,
          "N" : 157650
        },
        "bw_min" : 272,
        "bw_max" : 5736,
        "bw_agg" : 100.000000,
        "bw_mean" : 4237.383838,
        "bw_dev" : 892.227459,
        "bw_samples" : 297,
        "iops_min" : 68,
        "iops_max" : 1434,
        "iops_mean" : 1059.340067,
        "iops_stddev" : 223.062776,
        "iops_samples" : 297
      },
      "trim" : {
        "io_bytes" : 0,
        "io_kbytes" : 0,
        "bw_bytes" : 0,
        "bw" : 0,
        "iops" : 0.000000,
        "runtime" : 0,
        "total_ios" : 0,
        "short_ios" : 0,
        "drop_ios" : 0,
        "slat_ns" : {
          "min" : 0,
          "max" : 0,
          "mean" : 0.000000,
          "stddev" : 0.000000,
          "N" : 0
        },
        "clat_ns" : {
          "min" : 0,
          "max" : 0,
          "mean" : 0.000000,
          "stddev" : 0.000000,
          "N" : 0
        },
        "lat_ns" : {
          "min" : 0,
          "max" : 0,
          "mean" : 0.000000,
          "stddev" : 0.000000,
          "N" : 0
        },
        "bw_min" : 0,
        "bw_max" : 0,
        "bw_agg" : 0.000000,
        "bw_mean" : 0.000000,
        "bw_dev" : 0.000000,
        "bw_samples" : 0,
        "iops_min" : 0,
        "iops_max" : 0,
        "iops_mean" : 0.000000,
        "iops_stddev" : 0.000000,
        "iops_samples" : 0
      },
      "sync" : {
        "total_ios" : 0,
        "lat_ns" : {
          "min" : 0,
          "max" : 0,
          "mean" : 0.000000,
          "stddev" : 0.000000,
          "N" : 0
        }
      },
      "job_runtime" : 148867,
      "usr_cpu" : 2.316161,
      "sys_cpu" : 15.625357,
      "ctx" : 525145,
      "majf" : 0,
      "minf" : 12,
      "iodepth_level" : {
        "1" : 100.000000,
        "2" : 0.000000,
        "4" : 0.000000,
        "8" : 0.000000,
        "16" : 0.000000,
        "32" : 0.000000,
        ">=64" : 0.000000
      },
      "iodepth_submit" : {
        "0" : 0.000000,
        "4" : 100.000000,
        "8" : 0.000000,
        "16" : 0.000000,
        "32" : 0.000000,
        "64" : 0.000000,
        ">=64" : 0.000000
      },
      "iodepth_complete" : {
        "0" : 0.000000,
        "4" : 100.000000,
        "8" : 0.000000,
        "16" : 0.000000,
        "32" : 0.000000,
        "64" : 0.000000,
        ">=64" : 0.000000
      },
      "latency_ns" : {
        "2" : 0.000000,
        "4" : 0.000000,
        "10" : 0.000000,
        "20" : 0.000000,
        "50" : 0.000000,
        "100" : 0.000000,
        "250" : 0.000000,
        "500" : 0.000000,
        "750" : 0.000000,
        "1000" : 0.000000
      },
      "latency_us" : {
        "2" : 0.000000,
        "4" : 0.000000,
        "10" : 0.000000,
        "20" : 0.000000,
        "50" : 0.000000,
        "100" : 0.039864,
        "250" : 44.599342,
        "500" : 53.908920,
        "750" : 0.880241,
        "1000" : 0.218201
      },
      "latency_ms" : {
        "2" : 0.246429,
        "4" : 0.067329,
        "10" : 0.022697,
        "20" : 0.012207,
        "50" : 0.010000,
        "100" : 0.010000,
        "250" : 0.010000,
        "500" : 0.010000,
        "750" : 0.000000,
        "1000" : 0.000000,
        "2000" : 0.000000,
        ">=2000" : 0.000000
      },
      "latency_depth" : 1,
      "latency_target" : 0,
      "latency_percentile" : 100.000000,
      "latency_window" : 0
    }
  ]
}
