{
  "fio version" : "fio-3.36",
  "timestamp" : 1777194682,
  "timestamp_ms" : 1777194682302,
  "time" : "Sun Apr 26 09:11:22 2026",
  "global options" : {
    "ioengine" : "psync",
    "direct" : "0",
    "group_reporting" : "1",
    "time_based" : "0",
    "runtime" : "0"
  },
  "jobs" : [
    {
      "jobname" : "seq-read",
      "groupid" : 0,
      "job_start" : 1777194636393,
      "error" : 0,
      "eta" : 0,
      "elapsed" : 47,
      "job options" : {
        "rw" : "read",
        "bs" : "1M",
        "size" : "4G",
        "numjobs" : "1",
        "filename" : "/mnt/s3fs/seq-read.bin"
      },
      "read" : {
        "io_bytes" : 4294967296,
        "io_kbytes" : 4194304,
        "bw_bytes" : 93678400,
        "bw" : 91482,
        "iops" : 89.338684,
        "runtime" : 45848,
        "total_ios" : 4096,
        "short_ios" : 0,
        "drop_ios" : 0,
        "slat_ns" : {
          "min" : 0,
          "max" : 0,
          "mean" : 0.000000,
          "stddev" : 0.000000,
          "N" : 0
        },
        "clat_ns" : {
          "min" : 459075,
          "max" : 4405840721,
          "mean" : 11178177.744629,
          "stddev" : 100382863.255048,
          "N" : 4096,
          "percentile" : {
            "1.000000" : 569344,
            "5.000000" : 675840,
            "10.000000" : 741376,
            "20.000000" : 856064,
            "30.000000" : 954368,
            "40.000000" : 1056768,
            "50.000000" : 1204224,
            "60.000000" : 1417216,
            "70.000000" : 1728512,
            "80.000000" : 2277376,
            "90.000000" : 3653632,
            "95.000000" : 8028160,
            "99.000000" : 354418688,
            "99.500000" : 467664896,
            "99.900000" : 1199570944,
            "99.950000" : 1417674752,
            "99.990000" : 4395630592
          }
        },
        "lat_ns" : {
          "min" : 459275,
          "max" : 4405841519,
          "mean" : 11179383.862305,
          "stddev" : 100382821.924602,
          "N" : 4096
        },
        "bw_min" : 18432,
        "bw_max" : 391168,
        "bw_agg" : 100.000000,
        "bw_mean" : 115072.000000,
        "bw_dev" : 61195.288693,
        "bw_samples" : 72,
        "iops_min" : 18,
        "iops_max" : 382,
        "iops_mean" : 112.236111,
        "iops_stddev" : 59.759964,
        "iops_samples" : 72
      },
      "write" : {
        "io_bytes" : 0,
        "io_kbytes" : 0,
        "bw_bytes" : 0,
        "bw" : 0,
        "iops" : 0.000000,
        "runtime" : 0,
        "total_ios" : 0,
        "short_ios" : 0,
        "drop_ios" : 0,
        "slat_ns" : {
          "min" : 0,
          "max" : 0,
          "mean" : 0.000000,
          "stddev" : 0.000000,
          "N" : 0
        },
        "clat_ns" : {
          "min" : 0,
          "max" : 0,
          "mean" : 0.000000,
          "stddev" : 0.000000,
          "N" : 0
        },
        "lat_ns" : {
          "min" : 0,
          "max" : 0,
          "mean" : 0.000000,
          "stddev" : 0.000000,
          "N" : 0
        },
        "bw_min" : 0,
        "bw_max" : 0,
        "bw_agg" : 0.000000,
        "bw_mean" : 0.000000,
        "bw_dev" : 0.000000,
        "bw_samples" : 0,
        "iops_min" : 0,
        "iops_max" : 0,
        "iops_mean" : 0.000000,
        "iops_stddev" : 0.000000,
        "iops_samples" : 0
      },
      "trim" : {
        "io_bytes" : 0,
        "io_kbytes" : 0,
        "bw_bytes" : 0,
        "bw" : 0,
        "iops" : 0.000000,
        "runtime" : 0,
        "total_ios" : 0,
        "short_ios" : 0,
        "drop_ios" : 0,
        "slat_ns" : {
          "min" : 0,
          "max" : 0,
          "mean" : 0.000000,
          "stddev" : 0.000000,
          "N" : 0
        },
        "clat_ns" : {
          "min" : 0,
          "max" : 0,
          "mean" : 0.000000,
          "stddev" : 0.000000,
          "N" : 0
        },
        "lat_ns" : {
          "min" : 0,
          "max" : 0,
          "mean" : 0.000000,
          "stddev" : 0.000000,
          "N" : 0
        },
        "bw_min" : 0,
        "bw_max" : 0,
        "bw_agg" : 0.000000,
        "bw_mean" : 0.000000,
        "bw_dev" : 0.000000,
        "bw_samples" : 0,
        "iops_min" : 0,
        "iops_max" : 0,
        "iops_mean" : 0.000000,
        "iops_stddev" : 0.000000,
        "iops_samples" : 0
      },
      "sync" : {
        "total_ios" : 0,
        "lat_ns" : {
          "min" : 0,
          "max" : 0,
          "mean" : 0.000000,
          "stddev" : 0.000000,
          "N" : 0
        }
      },
      "job_runtime" : 45847,
      "usr_cpu" : 0.198486,
      "sys_cpu" : 10.833860,
      "ctx" : 9702,
      "majf" : 0,
      "minf" : 267,
      "iodepth_level" : {
        "1" : 100.000000,
        "2" : 0.000000,
        "4" : 0.000000,
        "8" : 0.000000,
        "16" : 0.000000,
        "32" : 0.000000,
        ">=64" : 0.000000
      },
      "iodepth_submit" : {
        "0" : 0.000000,
        "4" : 100.000000,
        "8" : 0.000000,
        "16" : 0.000000,
        "32" : 0.000000,
        "64" : 0.000000,
        ">=64" : 0.000000
      },
      "iodepth_complete" : {
        "0" : 0.000000,
        "4" : 100.000000,
        "8" : 0.000000,
        "16" : 0.000000,
        "32" : 0.000000,
        "64" : 0.000000,
        ">=64" : 0.000000
      },
      "latency_ns" : {
        "2" : 0.000000,
        "4" : 0.000000,
        "10" : 0.000000,
        "20" : 0.000000,
        "50" : 0.000000,
        "100" : 0.000000,
        "250" : 0.000000,
        "500" : 0.000000,
        "750" : 0.000000,
        "1000" : 0.000000
      },
      "latency_us" : {
        "2" : 0.000000,
        "4" : 0.000000,
        "10" : 0.000000,
        "20" : 0.000000,
        "50" : 0.000000,
        "100" : 0.000000,
        "250" : 0.000000,
        "500" : 0.146484,
        "750" : 10.302734,
        "1000" : 23.901367
      },
      "latency_ms" : {
        "2" : 41.162109,
        "4" : 15.332031,
        "10" : 5.004883,
        "20" : 1.318359,
        "50" : 0.659180,
        "100" : 0.170898,
        "250" : 0.561523,
        "500" : 1.025391,
        "750" : 0.244141,
        "1000" : 0.000000,
        "2000" : 0.122070,
        ">=2000" : 0.048828
      },
      "latency_depth" : 1,
      "latency_target" : 0,
      "latency_percentile" : 100.000000,
      "latency_window" : 0
    }
  ]
}
