{
  "fio version" : "fio-3.36",
  "timestamp" : 1777194290,
  "timestamp_ms" : 1777194290713,
  "time" : "Sun Apr 26 09:04:50 2026",
  "global options" : {
    "ioengine" : "psync",
    "direct" : "0",
    "group_reporting" : "1"
  },
  "jobs" : [
    {
      "jobname" : "rand-rw",
      "groupid" : 0,
      "job_start" : 1777186980782,
      "error" : 0,
      "eta" : 0,
      "elapsed" : 5788,
      "job options" : {
        "rw" : "randrw",
        "rwmixread" : "70",
        "bs" : "4k",
        "size" : "2G",
        "numjobs" : "1",
        "filename" : "/mnt/s3fs/rand-rw.bin"
      },
      "read" : {
        "io_bytes" : 1501749248,
        "io_kbytes" : 1466552,
        "bw_bytes" : 260927,
        "bw" : 254,
        "iops" : 63.703072,
        "runtime" : 5755421,
        "total_ios" : 366638,
        "short_ios" : 0,
        "drop_ios" : 0,
        "slat_ns" : {
          "min" : 0,
          "max" : 0,
          "mean" : 0.000000,
          "stddev" : 0.000000,
          "N" : 0
        },
        "clat_ns" : {
          "min" : 71499,
          "max" : 1716003104,
          "mean" : 3591233.180227,
          "stddev" : 5154392.897804,
          "N" : 366638,
          "percentile" : {
            "1.000000" : 150528,
            "5.000000" : 230400,
            "10.000000" : 309248,
            "20.000000" : 501760,
            "30.000000" : 831488,
            "40.000000" : 1400832,
            "50.000000" : 2244608,
            "60.000000" : 3260416,
            "70.000000" : 4554752,
            "80.000000" : 6193152,
            "90.000000" : 8585216,
            "95.000000" : 10944512,
            "99.000000" : 17170432,
            "99.500000" : 21626880,
            "99.900000" : 35389440,
            "99.950000" : 44826624,
            "99.990000" : 88604672
          }
        },
        "lat_ns" : {
          "min" : 71698,
          "max" : 1716003899,
          "mean" : 3591633.684978,
          "stddev" : 5154456.220808,
          "N" : 366638
        },
        "bw_min" : 7,
        "bw_max" : 10408,
        "bw_agg" : 100.000000,
        "bw_mean" : 255.313545,
        "bw_dev" : 449.184845,
        "bw_samples" : 11488,
        "iops_min" : 1,
        "iops_max" : 2602,
        "iops_mean" : 63.821031,
        "iops_stddev" : 112.296323,
        "iops_samples" : 11488
      },
      "write" : {
        "io_bytes" : 645734400,
        "io_kbytes" : 630600,
        "bw_bytes" : 112195,
        "bw" : 109,
        "iops" : 27.391567,
        "runtime" : 5755421,
        "total_ios" : 157650,
        "short_ios" : 0,
        "drop_ios" : 0,
        "slat_ns" : {
          "min" : 0,
          "max" : 0,
          "mean" : 0.000000,
          "stddev" : 0.000000,
          "N" : 0
        },
        "clat_ns" : {
          "min" : 119648,
          "max" : 401399653,
          "mean" : 28135262.542969,
          "stddev" : 28099447.093168,
          "N" : 157650,
          "percentile" : {
            "1.000000" : 301056,
            "5.000000" : 1044480,
            "10.000000" : 1728512,
            "20.000000" : 3817472,
            "30.000000" : 8355840,
            "40.000000" : 14745600,
            "50.000000" : 20840448,
            "60.000000" : 28442624,
            "70.000000" : 36962304,
            "80.000000" : 47448064,
            "90.000000" : 63700992,
            "95.000000" : 77070336,
            "99.000000" : 120061952,
            "99.500000" : 154140672,
            "99.900000" : 229638144,
            "99.950000" : 256901120,
            "99.990000" : 312475648
          }
        },
        "lat_ns" : {
          "min" : 120052,
          "max" : 401400751,
          "mean" : 28135883.651805,
          "stddev" : 28099573.167391,
          "N" : 157650
        },
        "bw_min" : 7,
        "bw_max" : 4472,
        "bw_agg" : 99.483934,
        "bw_mean" : 109.631053,
        "bw_dev" : 190.221156,
        "bw_samples" : 11503,
        "iops_min" : 1,
        "iops_max" : 1118,
        "iops_mean" : 27.401895,
        "iops_stddev" : 47.557692,
        "iops_samples" : 11503
      },
      "trim" : {
        "io_bytes" : 0,
        "io_kbytes" : 0,
        "bw_bytes" : 0,
        "bw" : 0,
        "iops" : 0.000000,
        "runtime" : 0,
        "total_ios" : 0,
        "short_ios" : 0,
        "drop_ios" : 0,
        "slat_ns" : {
          "min" : 0,
          "max" : 0,
          "mean" : 0.000000,
          "stddev" : 0.000000,
          "N" : 0
        },
        "clat_ns" : {
          "min" : 0,
          "max" : 0,
          "mean" : 0.000000,
          "stddev" : 0.000000,
          "N" : 0
        },
        "lat_ns" : {
          "min" : 0,
          "max" : 0,
          "mean" : 0.000000,
          "stddev" : 0.000000,
          "N" : 0
        },
        "bw_min" : 0,
        "bw_max" : 0,
        "bw_agg" : 0.000000,
        "bw_mean" : 0.000000,
        "bw_dev" : 0.000000,
        "bw_samples" : 0,
        "iops_min" : 0,
        "iops_max" : 0,
        "iops_mean" : 0.000000,
        "iops_stddev" : 0.000000,
        "iops_samples" : 0
      },
      "sync" : {
        "total_ios" : 0,
        "lat_ns" : {
          "min" : 0,
          "max" : 0,
          "mean" : 0.000000,
          "stddev" : 0.000000,
          "N" : 0
        }
      },
      "job_runtime" : 5755420,
      "usr_cpu" : 0.124891,
      "sys_cpu" : 0.503160,
      "ctx" : 524510,
      "majf" : 0,
      "minf" : 11,
      "iodepth_level" : {
        "1" : 100.000000,
        "2" : 0.000000,
        "4" : 0.000000,
        "8" : 0.000000,
        "16" : 0.000000,
        "32" : 0.000000,
        ">=64" : 0.000000
      },
      "iodepth_submit" : {
        "0" : 0.000000,
        "4" : 100.000000,
        "8" : 0.000000,
        "16" : 0.000000,
        "32" : 0.000000,
        "64" : 0.000000,
        ">=64" : 0.000000
      },
      "iodepth_complete" : {
        "0" : 0.000000,
        "4" : 100.000000,
        "8" : 0.000000,
        "16" : 0.000000,
        "32" : 0.000000,
        "64" : 0.000000,
        ">=64" : 0.000000
      },
      "latency_ns" : {
        "2" : 0.000000,
        "4" : 0.000000,
        "10" : 0.000000,
        "20" : 0.000000,
        "50" : 0.000000,
        "100" : 0.000000,
        "250" : 0.000000,
        "500" : 0.000000,
        "750" : 0.000000,
        "1000" : 0.000000
      },
      "latency_us" : {
        "2" : 0.000000,
        "4" : 0.000000,
        "10" : 0.000000,
        "20" : 0.000000,
        "50" : 0.000000,
        "100" : 0.012589,
        "250" : 4.574585,
        "500" : 9.919739,
        "750" : 6.074715,
        "1000" : 4.218674
      },
      "latency_ms" : {
        "2" : 11.849594,
        "4" : 15.680122,
        "10" : 22.703362,
        "20" : 9.063530,
        "50" : 10.412407,
        "100" : 4.940796,
        "250" : 0.531769,
        "500" : 0.017738,
        "750" : 0.010000,
        "1000" : 0.000000,
        "2000" : 0.010000,
        ">=2000" : 0.000000
      },
      "latency_depth" : 1,
      "latency_target" : 0,
      "latency_percentile" : 100.000000,
      "latency_window" : 0
    }
  ]
}
