{
  "fio version" : "fio-3.36",
  "timestamp" : 1777469151,
  "timestamp_ms" : 1777469151255,
  "time" : "Wed Apr 29 13:25:51 2026",
  "global options" : {
    "ioengine" : "psync",
    "direct" : "0",
    "group_reporting" : "1",
    "time_based" : "1",
    "runtime" : "60",
    "ramp_time" : "5"
  },
  "jobs" : [
    {
      "jobname" : "concurrent-mixed",
      "groupid" : 0,
      "job_start" : 1777469091217,
      "error" : 0,
      "eta" : 0,
      "elapsed" : 66,
      "job options" : {
        "rw" : "randrw",
        "rwmixread" : "70",
        "bs" : "64k",
        "size" : "128m",
        "numjobs" : "10",
        "nrfiles" : "1",
        "directory" : "/mnt/rclone",
        "filename_format" : "conc.$jobnum.bin"
      },
      "read" : {
        "io_bytes" : 25767247872,
        "io_kbytes" : 25163328,
        "bw_bytes" : 429439816,
        "bw" : 419374,
        "iops" : 6552.731576,
        "runtime" : 60002,
        "total_ios" : 393177,
        "short_ios" : 0,
        "drop_ios" : 0,
        "slat_ns" : {
          "min" : 0,
          "max" : 0,
          "mean" : 0.000000,
          "stddev" : 0.000000,
          "N" : 0
        },
        "clat_ns" : {
          "min" : 169916,
          "max" : 119369431,
          "mean" : 1071080.087505,
          "stddev" : 1509024.832114,
          "N" : 393177,
          "percentile" : {
            "1.000000" : 296960,
            "5.000000" : 362496,
            "10.000000" : 407552,
            "20.000000" : 481280,
            "30.000000" : 552960,
            "40.000000" : 634880,
            "50.000000" : 733184,
            "60.000000" : 872448,
            "70.000000" : 1073152,
            "80.000000" : 1368064,
            "90.000000" : 1941504,
            "95.000000" : 2637824,
            "99.000000" : 5341184,
            "99.500000" : 7503872,
            "99.900000" : 15400960,
            "99.950000" : 30277632,
            "99.990000" : 45875200
          }
        },
        "lat_ns" : {
          "min" : 170216,
          "max" : 119369730,
          "mean" : 1071506.385091,
          "stddev" : 1509064.486364,
          "N" : 393177
        },
        "bw_min" : 140552,
        "bw_max" : 580980,
        "bw_agg" : 99.989551,
        "bw_mean" : 419331.210084,
        "bw_dev" : 9456.238865,
        "bw_samples" : 1190,
        "iops_min" : 2195,
        "iops_max" : 9077,
        "iops_mean" : 6551.294118,
        "iops_stddev" : 147.739773,
        "iops_samples" : 1190
      },
      "write" : {
        "io_bytes" : 11050221568,
        "io_kbytes" : 10791232,
        "bw_bytes" : 184164220,
        "bw" : 179847,
        "iops" : 2810.122996,
        "runtime" : 60002,
        "total_ios" : 168613,
        "short_ios" : 0,
        "drop_ios" : 0,
        "slat_ns" : {
          "min" : 0,
          "max" : 0,
          "mean" : 0.000000,
          "stddev" : 0.000000,
          "N" : 0
        },
        "clat_ns" : {
          "min" : 173036,
          "max" : 119404641,
          "mean" : 983058.642139,
          "stddev" : 1965298.965735,
          "N" : 168613,
          "percentile" : {
            "1.000000" : 264192,
            "5.000000" : 325632,
            "10.000000" : 366592,
            "20.000000" : 436224,
            "30.000000" : 497664,
            "40.000000" : 569344,
            "50.000000" : 651264,
            "60.000000" : 774144,
            "70.000000" : 937984,
            "80.000000" : 1204224,
            "90.000000" : 1728512,
            "95.000000" : 2342912,
            "99.000000" : 4816896,
            "99.500000" : 7241728,
            "99.900000" : 30015488,
            "99.950000" : 34865152,
            "99.990000" : 98041856
          }
        },
        "lat_ns" : {
          "min" : 174935,
          "max" : 119406140,
          "mean" : 985583.680535,
          "stddev" : 1965592.321669,
          "N" : 168613
        },
        "bw_min" : 65953,
        "bw_max" : 268323,
        "bw_agg" : 99.971714,
        "bw_mean" : 179797.571429,
        "bw_dev" : 4178.638841,
        "bw_samples" : 1190,
        "iops_min" : 1025,
        "iops_max" : 4190,
        "iops_mean" : 2808.243697,
        "iops_stddev" : 65.296232,
        "iops_samples" : 1190
      },
      "trim" : {
        "io_bytes" : 0,
        "io_kbytes" : 0,
        "bw_bytes" : 0,
        "bw" : 0,
        "iops" : 0.000000,
        "runtime" : 0,
        "total_ios" : 0,
        "short_ios" : 0,
        "drop_ios" : 0,
        "slat_ns" : {
          "min" : 0,
          "max" : 0,
          "mean" : 0.000000,
          "stddev" : 0.000000,
          "N" : 0
        },
        "clat_ns" : {
          "min" : 0,
          "max" : 0,
          "mean" : 0.000000,
          "stddev" : 0.000000,
          "N" : 0
        },
        "lat_ns" : {
          "min" : 0,
          "max" : 0,
          "mean" : 0.000000,
          "stddev" : 0.000000,
          "N" : 0
        },
        "bw_min" : 0,
        "bw_max" : 0,
        "bw_agg" : 0.000000,
        "bw_mean" : 0.000000,
        "bw_dev" : 0.000000,
        "bw_samples" : 0,
        "iops_min" : 0,
        "iops_max" : 0,
        "iops_mean" : 0.000000,
        "iops_stddev" : 0.000000,
        "iops_samples" : 0
      },
      "sync" : {
        "total_ios" : 0,
        "lat_ns" : {
          "min" : 0,
          "max" : 0,
          "mean" : 0.000000,
          "stddev" : 0.000000,
          "N" : 0
        }
      },
      "job_runtime" : 600001,
      "usr_cpu" : 1.441831,
      "sys_cpu" : 9.689817,
      "ctx" : 573124,
      "majf" : 0,
      "minf" : 364,
      "iodepth_level" : {
        "1" : 100.000000,
        "2" : 0.000000,
        "4" : 0.000000,
        "8" : 0.000000,
        "16" : 0.000000,
        "32" : 0.000000,
        ">=64" : 0.000000
      },
      "iodepth_submit" : {
        "0" : 0.000000,
        "4" : 100.000000,
        "8" : 0.000000,
        "16" : 0.000000,
        "32" : 0.000000,
        "64" : 0.000000,
        ">=64" : 0.000000
      },
      "iodepth_complete" : {
        "0" : 0.000000,
        "4" : 100.000000,
        "8" : 0.000000,
        "16" : 0.000000,
        "32" : 0.000000,
        "64" : 0.000000,
        ">=64" : 0.000000
      },
      "latency_ns" : {
        "2" : 0.000000,
        "4" : 0.000000,
        "10" : 0.000000,
        "20" : 0.000000,
        "50" : 0.000000,
        "100" : 0.000000,
        "250" : 0.000000,
        "500" : 0.000000,
        "750" : 0.000000,
        "1000" : 0.000000
      },
      "latency_us" : {
        "2" : 0.000000,
        "4" : 0.000000,
        "10" : 0.000000,
        "20" : 0.000000,
        "50" : 0.000000,
        "100" : 0.000000,
        "250" : 0.283914,
        "500" : 24.709233,
        "750" : 28.368785,
        "1000" : 15.358408
      },
      "latency_ms" : {
        "2" : 22.501825,
        "4" : 7.006177,
        "10" : 1.493797,
        "20" : 0.192065,
        "50" : 0.074583,
        "100" : 0.010000,
        "250" : 0.010000,
        "500" : 0.000000,
        "750" : 0.000000,
        "1000" : 0.000000,
        "2000" : 0.000000,
        ">=2000" : 0.000000
      },
      "latency_depth" : 1,
      "latency_target" : 0,
      "latency_percentile" : 100.000000,
      "latency_window" : 0
    }
  ]
}
