{
  "fio version" : "fio-3.36",
  "timestamp" : 1777468983,
  "timestamp_ms" : 1777468983056,
  "time" : "Wed Apr 29 13:23:03 2026",
  "global options" : {
    "ioengine" : "psync",
    "direct" : "0",
    "group_reporting" : "1",
    "time_based" : "1",
    "runtime" : "60",
    "ramp_time" : "5"
  },
  "jobs" : [
    {
      "jobname" : "concurrent-mixed",
      "groupid" : 0,
      "job_start" : 1777468923008,
      "error" : 0,
      "eta" : 0,
      "elapsed" : 66,
      "job options" : {
        "rw" : "randrw",
        "rwmixread" : "70",
        "bs" : "64k",
        "size" : "128m",
        "numjobs" : "5",
        "nrfiles" : "1",
        "directory" : "/mnt/rclone",
        "filename_format" : "conc.$jobnum.bin"
      },
      "read" : {
        "io_bytes" : 10733879296,
        "io_kbytes" : 10482304,
        "bw_bytes" : 178895006,
        "bw" : 174702,
        "iops" : 2729.721171,
        "runtime" : 60001,
        "total_ios" : 163786,
        "short_ios" : 0,
        "drop_ios" : 0,
        "slat_ns" : {
          "min" : 0,
          "max" : 0,
          "mean" : 0.000000,
          "stddev" : 0.000000,
          "N" : 0
        },
        "clat_ns" : {
          "min" : 178931,
          "max" : 84360905,
          "mean" : 1289837.597060,
          "stddev" : 2776340.886952,
          "N" : 163786,
          "percentile" : {
            "1.000000" : 309248,
            "5.000000" : 370688,
            "10.000000" : 407552,
            "20.000000" : 460800,
            "30.000000" : 514048,
            "40.000000" : 569344,
            "50.000000" : 634880,
            "60.000000" : 733184,
            "70.000000" : 897024,
            "80.000000" : 1204224,
            "90.000000" : 2146304,
            "95.000000" : 3850240,
            "99.000000" : 13041664,
            "99.500000" : 18219008,
            "99.900000" : 36438016,
            "99.950000" : 45350912,
            "99.990000" : 63700992
          }
        },
        "lat_ns" : {
          "min" : 179331,
          "max" : 84361205,
          "mean" : 1290501.874916,
          "stddev" : 2776550.928696,
          "N" : 163786
        },
        "bw_min" : 49504,
        "bw_max" : 369920,
        "bw_agg" : 99.904893,
        "bw_mean" : 174536.000000,
        "bw_dev" : 16293.944067,
        "bw_samples" : 595,
        "iops_min" : 773,
        "iops_max" : 5780,
        "iops_mean" : 2725.966387,
        "iops_stddev" : 254.669746,
        "iops_samples" : 595
      },
      "write" : {
        "io_bytes" : 4635951104,
        "io_kbytes" : 4527296,
        "bw_bytes" : 77264563,
        "bw" : 75453,
        "iops" : 1178.963684,
        "runtime" : 60001,
        "total_ios" : 70739,
        "short_ios" : 0,
        "drop_ios" : 0,
        "slat_ns" : {
          "min" : 0,
          "max" : 0,
          "mean" : 0.000000,
          "stddev" : 0.000000,
          "N" : 0
        },
        "clat_ns" : {
          "min" : 169413,
          "max" : 69476984,
          "mean" : 1144685.585123,
          "stddev" : 2294174.369325,
          "N" : 70739,
          "percentile" : {
            "1.000000" : 280576,
            "5.000000" : 342016,
            "10.000000" : 378880,
            "20.000000" : 428032,
            "30.000000" : 477184,
            "40.000000" : 528384,
            "50.000000" : 585728,
            "60.000000" : 675840,
            "70.000000" : 815104,
            "80.000000" : 1089536,
            "90.000000" : 1908736,
            "95.000000" : 3358720,
            "99.000000" : 11337728,
            "99.500000" : 16187392,
            "99.900000" : 30015488,
            "99.950000" : 33816576,
            "99.990000" : 46923776
          }
        },
        "lat_ns" : {
          "min" : 171310,
          "max" : 69481579,
          "mean" : 1147840.073382,
          "stddev" : 2294746.648660,
          "N" : 70739
        },
        "bw_min" : 18832,
        "bw_max" : 172288,
        "bw_agg" : 99.943442,
        "bw_mean" : 75411.100840,
        "bw_dev" : 7232.191359,
        "bw_samples" : 595,
        "iops_min" : 292,
        "iops_max" : 2692,
        "iops_mean" : 1177.243697,
        "iops_stddev" : 113.063279,
        "iops_samples" : 595
      },
      "trim" : {
        "io_bytes" : 0,
        "io_kbytes" : 0,
        "bw_bytes" : 0,
        "bw" : 0,
        "iops" : 0.000000,
        "runtime" : 0,
        "total_ios" : 0,
        "short_ios" : 0,
        "drop_ios" : 0,
        "slat_ns" : {
          "min" : 0,
          "max" : 0,
          "mean" : 0.000000,
          "stddev" : 0.000000,
          "N" : 0
        },
        "clat_ns" : {
          "min" : 0,
          "max" : 0,
          "mean" : 0.000000,
          "stddev" : 0.000000,
          "N" : 0
        },
        "lat_ns" : {
          "min" : 0,
          "max" : 0,
          "mean" : 0.000000,
          "stddev" : 0.000000,
          "N" : 0
        },
        "bw_min" : 0,
        "bw_max" : 0,
        "bw_agg" : 0.000000,
        "bw_mean" : 0.000000,
        "bw_dev" : 0.000000,
        "bw_samples" : 0,
        "iops_min" : 0,
        "iops_max" : 0,
        "iops_mean" : 0.000000,
        "iops_stddev" : 0.000000,
        "iops_samples" : 0
      },
      "sync" : {
        "total_ios" : 0,
        "lat_ns" : {
          "min" : 0,
          "max" : 0,
          "mean" : 0.000000,
          "stddev" : 0.000000,
          "N" : 0
        }
      },
      "job_runtime" : 300000,
      "usr_cpu" : 1.332333,
      "sys_cpu" : 16.760667,
      "ctx" : 239001,
      "majf" : 0,
      "minf" : 182,
      "iodepth_level" : {
        "1" : 100.000000,
        "2" : 0.000000,
        "4" : 0.000000,
        "8" : 0.000000,
        "16" : 0.000000,
        "32" : 0.000000,
        ">=64" : 0.000000
      },
      "iodepth_submit" : {
        "0" : 0.000000,
        "4" : 100.000000,
        "8" : 0.000000,
        "16" : 0.000000,
        "32" : 0.000000,
        "64" : 0.000000,
        ">=64" : 0.000000
      },
      "iodepth_complete" : {
        "0" : 0.000000,
        "4" : 100.000000,
        "8" : 0.000000,
        "16" : 0.000000,
        "32" : 0.000000,
        "64" : 0.000000,
        ">=64" : 0.000000
      },
      "latency_ns" : {
        "2" : 0.000000,
        "4" : 0.000000,
        "10" : 0.000000,
        "20" : 0.000000,
        "50" : 0.000000,
        "100" : 0.000000,
        "250" : 0.000000,
        "500" : 0.000000,
        "750" : 0.000000,
        "1000" : 0.000000
      },
      "latency_us" : {
        "2" : 0.000000,
        "4" : 0.000000,
        "10" : 0.000000,
        "20" : 0.000000,
        "50" : 0.000000,
        "100" : 0.000000,
        "250" : 0.199552,
        "500" : 29.397719,
        "750" : 33.103933,
        "1000" : 12.471165
      },
      "latency_ms" : {
        "2" : 14.396333,
        "4" : 5.840316,
        "10" : 3.117791,
        "20" : 1.087304,
        "50" : 0.361156,
        "100" : 0.024731,
        "250" : 0.000000,
        "500" : 0.000000,
        "750" : 0.000000,
        "1000" : 0.000000,
        "2000" : 0.000000,
        ">=2000" : 0.000000
      },
      "latency_depth" : 1,
      "latency_target" : 0,
      "latency_percentile" : 100.000000,
      "latency_window" : 0
    }
  ]
}
