{
  "fio version" : "fio-3.36",
  "timestamp" : 1777468834,
  "timestamp_ms" : 1777468834869,
  "time" : "Wed Apr 29 13:20:34 2026",
  "global options" : {
    "ioengine" : "psync",
    "direct" : "0",
    "group_reporting" : "1",
    "time_based" : "1",
    "runtime" : "60",
    "ramp_time" : "5"
  },
  "jobs" : [
    {
      "jobname" : "concurrent-mixed",
      "groupid" : 0,
      "job_start" : 1777468774829,
      "error" : 0,
      "eta" : 0,
      "elapsed" : 66,
      "job options" : {
        "rw" : "randrw",
        "rwmixread" : "70",
        "bs" : "64k",
        "size" : "128m",
        "numjobs" : "1",
        "nrfiles" : "1",
        "directory" : "/mnt/rclone",
        "filename_format" : "conc.$jobnum.bin"
      },
      "read" : {
        "io_bytes" : 6535053312,
        "io_kbytes" : 6381888,
        "bw_bytes" : 108915739,
        "bw" : 106363,
        "iops" : 1661.922301,
        "runtime" : 60001,
        "total_ios" : 99717,
        "short_ios" : 0,
        "drop_ios" : 0,
        "slat_ns" : {
          "min" : 0,
          "max" : 0,
          "mean" : 0.000000,
          "stddev" : 0.000000,
          "N" : 0
        },
        "clat_ns" : {
          "min" : 120928,
          "max" : 35102768,
          "mean" : 414491.341406,
          "stddev" : 468454.751801,
          "N" : 99717,
          "percentile" : {
            "1.000000" : 234496,
            "5.000000" : 268288,
            "10.000000" : 288768,
            "20.000000" : 313344,
            "30.000000" : 329728,
            "40.000000" : 346112,
            "50.000000" : 362496,
            "60.000000" : 378880,
            "70.000000" : 403456,
            "80.000000" : 436224,
            "90.000000" : 493568,
            "95.000000" : 593920,
            "99.000000" : 1581056,
            "99.500000" : 1974272,
            "99.900000" : 4489216,
            "99.950000" : 7438336,
            "99.990000" : 28704768
          }
        },
        "lat_ns" : {
          "min" : 121129,
          "max" : 35103068,
          "mean" : 414770.879579,
          "stddev" : 468475.169529,
          "N" : 99717
        },
        "bw_min" : 61306,
        "bw_max" : 149504,
        "bw_agg" : 100.000000,
        "bw_mean" : 106822.663866,
        "bw_dev" : 16674.539558,
        "bw_samples" : 119,
        "iops_min" : 957,
        "iops_max" : 2336,
        "iops_mean" : 1668.966387,
        "iops_stddev" : 260.563045,
        "iops_samples" : 119
      },
      "write" : {
        "io_bytes" : 2793603072,
        "io_kbytes" : 2728128,
        "bw_bytes" : 46559275,
        "bw" : 45468,
        "iops" : 710.438159,
        "runtime" : 60001,
        "total_ios" : 42627,
        "short_ios" : 0,
        "drop_ios" : 0,
        "slat_ns" : {
          "min" : 0,
          "max" : 0,
          "mean" : 0.000000,
          "stddev" : 0.000000,
          "N" : 0
        },
        "clat_ns" : {
          "min" : 114405,
          "max" : 34816324,
          "mean" : 389066.979450,
          "stddev" : 541376.204939,
          "N" : 42627,
          "percentile" : {
            "1.000000" : 226304,
            "5.000000" : 259072,
            "10.000000" : 280576,
            "20.000000" : 301056,
            "30.000000" : 317440,
            "40.000000" : 333824,
            "50.000000" : 346112,
            "60.000000" : 366592,
            "70.000000" : 387072,
            "80.000000" : 415744,
            "90.000000" : 468992,
            "95.000000" : 536576,
            "99.000000" : 1138688,
            "99.500000" : 1548288,
            "99.900000" : 3719168,
            "99.950000" : 6455296,
            "99.990000" : 33423360
          }
        },
        "lat_ns" : {
          "min" : 115208,
          "max" : 34818127,
          "mean" : 390848.896544,
          "stddev" : 548515.964438,
          "N" : 42627
        },
        "bw_min" : 27190,
        "bw_max" : 59648,
        "bw_agg" : 100.000000,
        "bw_mean" : 45677.941176,
        "bw_dev" : 7056.935491,
        "bw_samples" : 119,
        "iops_min" : 424,
        "iops_max" : 932,
        "iops_mean" : 713.621849,
        "iops_stddev" : 110.269853,
        "iops_samples" : 119
      },
      "trim" : {
        "io_bytes" : 0,
        "io_kbytes" : 0,
        "bw_bytes" : 0,
        "bw" : 0,
        "iops" : 0.000000,
        "runtime" : 0,
        "total_ios" : 0,
        "short_ios" : 0,
        "drop_ios" : 0,
        "slat_ns" : {
          "min" : 0,
          "max" : 0,
          "mean" : 0.000000,
          "stddev" : 0.000000,
          "N" : 0
        },
        "clat_ns" : {
          "min" : 0,
          "max" : 0,
          "mean" : 0.000000,
          "stddev" : 0.000000,
          "N" : 0
        },
        "lat_ns" : {
          "min" : 0,
          "max" : 0,
          "mean" : 0.000000,
          "stddev" : 0.000000,
          "N" : 0
        },
        "bw_min" : 0,
        "bw_max" : 0,
        "bw_agg" : 0.000000,
        "bw_mean" : 0.000000,
        "bw_dev" : 0.000000,
        "bw_samples" : 0,
        "iops_min" : 0,
        "iops_max" : 0,
        "iops_mean" : 0.000000,
        "iops_stddev" : 0.000000,
        "iops_samples" : 0
      },
      "sync" : {
        "total_ios" : 0,
        "lat_ns" : {
          "min" : 0,
          "max" : 0,
          "mean" : 0.000000,
          "stddev" : 0.000000,
          "N" : 0
        }
      },
      "job_runtime" : 60000,
      "usr_cpu" : 1.888333,
      "sys_cpu" : 19.853333,
      "ctx" : 143142,
      "majf" : 0,
      "minf" : 36,
      "iodepth_level" : {
        "1" : 100.000000,
        "2" : 0.000000,
        "4" : 0.000000,
        "8" : 0.000000,
        "16" : 0.000000,
        "32" : 0.000000,
        ">=64" : 0.000000
      },
      "iodepth_submit" : {
        "0" : 0.000000,
        "4" : 100.000000,
        "8" : 0.000000,
        "16" : 0.000000,
        "32" : 0.000000,
        "64" : 0.000000,
        ">=64" : 0.000000
      },
      "iodepth_complete" : {
        "0" : 0.000000,
        "4" : 100.000000,
        "8" : 0.000000,
        "16" : 0.000000,
        "32" : 0.000000,
        "64" : 0.000000,
        ">=64" : 0.000000
      },
      "latency_ns" : {
        "2" : 0.000000,
        "4" : 0.000000,
        "10" : 0.000000,
        "20" : 0.000000,
        "50" : 0.000000,
        "100" : 0.000000,
        "250" : 0.000000,
        "500" : 0.000000,
        "750" : 0.000000,
        "1000" : 0.000000
      },
      "latency_us" : {
        "2" : 0.000000,
        "4" : 0.000000,
        "10" : 0.000000,
        "20" : 0.000000,
        "50" : 0.000000,
        "100" : 0.000000,
        "250" : 2.636571,
        "500" : 88.785618,
        "750" : 5.730484,
        "1000" : 0.907660
      },
      "latency_ms" : {
        "2" : 1.516046,
        "4" : 0.311920,
        "10" : 0.081493,
        "20" : 0.014050,
        "50" : 0.016158,
        "100" : 0.000000,
        "250" : 0.000000,
        "500" : 0.000000,
        "750" : 0.000000,
        "1000" : 0.000000,
        "2000" : 0.000000,
        ">=2000" : 0.000000
      },
      "latency_depth" : 1,
      "latency_target" : 0,
      "latency_percentile" : 100.000000,
      "latency_window" : 0
    }
  ]
}
