{
  "fio version" : "fio-3.36",
  "timestamp" : 1777469943,
  "timestamp_ms" : 1777469943196,
  "time" : "Wed Apr 29 13:39:03 2026",
  "global options" : {
    "ioengine" : "psync",
    "direct" : "0",
    "group_reporting" : "1",
    "time_based" : "1",
    "runtime" : "60",
    "ramp_time" : "5"
  },
  "jobs" : [
    {
      "jobname" : "concurrent-mixed",
      "groupid" : 0,
      "job_start" : 1777469883110,
      "error" : 0,
      "eta" : 0,
      "elapsed" : 66,
      "job options" : {
        "rw" : "randrw",
        "rwmixread" : "70",
        "bs" : "64k",
        "size" : "128m",
        "numjobs" : "20",
        "nrfiles" : "1",
        "directory" : "/mnt/rclone",
        "filename_format" : "conc.$jobnum.bin"
      },
      "read" : {
        "io_bytes" : 31683379200,
        "io_kbytes" : 30940800,
        "bw_bytes" : 528003519,
        "bw" : 515628,
        "iops" : 8056.694331,
        "runtime" : 60006,
        "total_ios" : 483450,
        "short_ios" : 0,
        "drop_ios" : 0,
        "slat_ns" : {
          "min" : 0,
          "max" : 0,
          "mean" : 0.000000,
          "stddev" : 0.000000,
          "N" : 0
        },
        "clat_ns" : {
          "min" : 138965,
          "max" : 1088479198,
          "mean" : 1839181.496322,
          "stddev" : 6346470.741402,
          "N" : 483450,
          "percentile" : {
            "1.000000" : 333824,
            "5.000000" : 448512,
            "10.000000" : 544768,
            "20.000000" : 692224,
            "30.000000" : 847872,
            "40.000000" : 1028096,
            "50.000000" : 1220608,
            "60.000000" : 1482752,
            "70.000000" : 1810432,
            "80.000000" : 2310144,
            "90.000000" : 3325952,
            "95.000000" : 4751360,
            "99.000000" : 10551296,
            "99.500000" : 14221312,
            "99.900000" : 30277632,
            "99.950000" : 45350912,
            "99.990000" : 77070336
          }
        },
        "lat_ns" : {
          "min" : 139165,
          "max" : 1088479498,
          "mean" : 1839537.914812,
          "stddev" : 6346495.025705,
          "N" : 483450
        },
        "bw_min" : 26537,
        "bw_max" : 839296,
        "bw_agg" : 100.000000,
        "bw_mean" : 519706.957627,
        "bw_dev" : 8564.809776,
        "bw_samples" : 2360,
        "iops_min" : 400,
        "iops_max" : 13114,
        "iops_mean" : 8118.949153,
        "iops_stddev" : 133.881104,
        "iops_samples" : 2360
      },
      "write" : {
        "io_bytes" : 13579649024,
        "io_kbytes" : 13261376,
        "bw_bytes" : 226304853,
        "bw" : 221000,
        "iops" : 3453.138020,
        "runtime" : 60006,
        "total_ios" : 207209,
        "short_ios" : 0,
        "drop_ios" : 0,
        "slat_ns" : {
          "min" : 0,
          "max" : 0,
          "mean" : 0.000000,
          "stddev" : 0.000000,
          "N" : 0
        },
        "clat_ns" : {
          "min" : 136727,
          "max" : 1014104014,
          "mean" : 1428761.347036,
          "stddev" : 4933801.997487,
          "N" : 207209,
          "percentile" : {
            "1.000000" : 280576,
            "5.000000" : 370688,
            "10.000000" : 436224,
            "20.000000" : 552960,
            "30.000000" : 667648,
            "40.000000" : 790528,
            "50.000000" : 937984,
            "60.000000" : 1122304,
            "70.000000" : 1384448,
            "80.000000" : 1777664,
            "90.000000" : 2572288,
            "95.000000" : 3620864,
            "99.000000" : 8224768,
            "99.500000" : 11468800,
            "99.900000" : 25296896,
            "99.950000" : 49545216,
            "99.990000" : 74973184
          }
        },
        "lat_ns" : {
          "min" : 138025,
          "max" : 1014104915,
          "mean" : 1431297.373357,
          "stddev" : 4933941.443999,
          "N" : 207209
        },
        "bw_min" : 11831,
        "bw_max" : 384896,
        "bw_agg" : 100.000000,
        "bw_mean" : 222854.516949,
        "bw_dev" : 3801.606198,
        "bw_samples" : 2360,
        "iops_min" : 168,
        "iops_max" : 6014,
        "iops_mean" : 3479.830508,
        "iops_stddev" : 59.480614,
        "iops_samples" : 2360
      },
      "trim" : {
        "io_bytes" : 0,
        "io_kbytes" : 0,
        "bw_bytes" : 0,
        "bw" : 0,
        "iops" : 0.000000,
        "runtime" : 0,
        "total_ios" : 0,
        "short_ios" : 0,
        "drop_ios" : 0,
        "slat_ns" : {
          "min" : 0,
          "max" : 0,
          "mean" : 0.000000,
          "stddev" : 0.000000,
          "N" : 0
        },
        "clat_ns" : {
          "min" : 0,
          "max" : 0,
          "mean" : 0.000000,
          "stddev" : 0.000000,
          "N" : 0
        },
        "lat_ns" : {
          "min" : 0,
          "max" : 0,
          "mean" : 0.000000,
          "stddev" : 0.000000,
          "N" : 0
        },
        "bw_min" : 0,
        "bw_max" : 0,
        "bw_agg" : 0.000000,
        "bw_mean" : 0.000000,
        "bw_dev" : 0.000000,
        "bw_samples" : 0,
        "iops_min" : 0,
        "iops_max" : 0,
        "iops_mean" : 0.000000,
        "iops_stddev" : 0.000000,
        "iops_samples" : 0
      },
      "sync" : {
        "total_ios" : 0,
        "lat_ns" : {
          "min" : 0,
          "max" : 0,
          "mean" : 0.000000,
          "stddev" : 0.000000,
          "N" : 0
        }
      },
      "job_runtime" : 1200041,
      "usr_cpu" : 0.845304,
      "sys_cpu" : 6.176456,
      "ctx" : 964037,
      "majf" : 0,
      "minf" : 728,
      "iodepth_level" : {
        "1" : 100.000000,
        "2" : 0.000000,
        "4" : 0.000000,
        "8" : 0.000000,
        "16" : 0.000000,
        "32" : 0.000000,
        ">=64" : 0.000000
      },
      "iodepth_submit" : {
        "0" : 0.000000,
        "4" : 100.000000,
        "8" : 0.000000,
        "16" : 0.000000,
        "32" : 0.000000,
        "64" : 0.000000,
        ">=64" : 0.000000
      },
      "iodepth_complete" : {
        "0" : 0.000000,
        "4" : 100.000000,
        "8" : 0.000000,
        "16" : 0.000000,
        "32" : 0.000000,
        "64" : 0.000000,
        ">=64" : 0.000000
      },
      "latency_ns" : {
        "2" : 0.000000,
        "4" : 0.000000,
        "10" : 0.000000,
        "20" : 0.000000,
        "50" : 0.000000,
        "100" : 0.000000,
        "250" : 0.000000,
        "500" : 0.000000,
        "750" : 0.000000,
        "1000" : 0.000000
      },
      "latency_us" : {
        "2" : 0.000000,
        "4" : 0.000000,
        "10" : 0.000000,
        "20" : 0.000000,
        "50" : 0.000000,
        "100" : 0.000000,
        "250" : 0.191411,
        "500" : 9.705948,
        "750" : 17.682098,
        "1000" : 15.549063
      },
      "latency_ms" : {
        "2" : 34.097869,
        "4" : 16.701440,
        "10" : 5.084419,
        "20" : 0.786785,
        "50" : 0.156517,
        "100" : 0.038369,
        "250" : 0.010000,
        "500" : 0.000000,
        "750" : 0.000000,
        "1000" : 0.010000,
        "2000" : 0.010000,
        ">=2000" : 0.000000
      },
      "latency_depth" : 1,
      "latency_target" : 0,
      "latency_percentile" : 100.000000,
      "latency_window" : 0
    }
  ]
}
