{
  "fio version" : "fio-3.36",
  "timestamp" : 1777470100,
  "timestamp_ms" : 1777470100337,
  "time" : "Wed Apr 29 13:41:40 2026",
  "global options" : {
    "ioengine" : "psync",
    "direct" : "0",
    "group_reporting" : "1",
    "time_based" : "1",
    "runtime" : "60",
    "ramp_time" : "5"
  },
  "jobs" : [
    {
      "jobname" : "concurrent-mixed",
      "groupid" : 0,
      "job_start" : 1777470010177,
      "error" : 0,
      "eta" : 0,
      "elapsed" : 97,
      "job options" : {
        "rw" : "randrw",
        "rwmixread" : "70",
        "bs" : "64k",
        "size" : "128m",
        "numjobs" : "20",
        "nrfiles" : "1",
        "directory" : "/mnt/s3fs",
        "filename_format" : "conc.$jobnum.bin"
      },
      "read" : {
        "io_bytes" : 6704398336,
        "io_kbytes" : 6547264,
        "bw_bytes" : 109992918,
        "bw" : 107414,
        "iops" : 1678.358735,
        "runtime" : 60953,
        "total_ios" : 102301,
        "short_ios" : 0,
        "drop_ios" : 0,
        "slat_ns" : {
          "min" : 0,
          "max" : 0,
          "mean" : 0.000000,
          "stddev" : 0.000000,
          "N" : 0
        },
        "clat_ns" : {
          "min" : 89215,
          "max" : 4867532412,
          "mean" : 8119173.555909,
          "stddev" : 52972206.760009,
          "N" : 102301,
          "percentile" : {
            "1.000000" : 211968,
            "5.000000" : 333824,
            "10.000000" : 561152,
            "20.000000" : 1155072,
            "30.000000" : 1908736,
            "40.000000" : 3293184,
            "50.000000" : 4423680,
            "60.000000" : 5341184,
            "70.000000" : 6324224,
            "80.000000" : 7700480,
            "90.000000" : 10944512,
            "95.000000" : 16908288,
            "99.000000" : 60030976,
            "99.500000" : 115867648,
            "99.900000" : 658505728,
            "99.950000" : 1027604480,
            "99.990000" : 2600468480
          }
        },
        "lat_ns" : {
          "min" : 89415,
          "max" : 4867532811,
          "mean" : 8119525.525821,
          "stddev" : 52972210.033909,
          "N" : 102301
        },
        "bw_min" : 2420,
        "bw_max" : 290771,
        "bw_agg" : 100.000000,
        "bw_mean" : 126632.505140,
        "bw_dev" : 4065.802522,
        "bw_samples" : 2068,
        "iops_min" : 29,
        "iops_max" : 4542,
        "iops_mean" : 1977.309757,
        "iops_stddev" : 63.533028,
        "iops_samples" : 2068
      },
      "write" : {
        "io_bytes" : 2887188480,
        "io_kbytes" : 2819520,
        "bw_bytes" : 47367454,
        "bw" : 46257,
        "iops" : 722.770003,
        "runtime" : 60953,
        "total_ios" : 44055,
        "short_ios" : 0,
        "drop_ios" : 0,
        "slat_ns" : {
          "min" : 0,
          "max" : 0,
          "mean" : 0.000000,
          "stddev" : 0.000000,
          "N" : 0
        },
        "clat_ns" : {
          "min" : 117343,
          "max" : 3589425896,
          "mean" : 8550132.859085,
          "stddev" : 60847840.270778,
          "N" : 44055,
          "percentile" : {
            "1.000000" : 252928,
            "5.000000" : 370688,
            "10.000000" : 436224,
            "20.000000" : 626688,
            "30.000000" : 2179072,
            "40.000000" : 3915776,
            "50.000000" : 4685824,
            "60.000000" : 5341184,
            "70.000000" : 6193152,
            "80.000000" : 7503872,
            "90.000000" : 10944512,
            "95.000000" : 16711680,
            "99.000000" : 62652416,
            "99.500000" : 124256256,
            "99.900000" : 809500672,
            "99.950000" : 1082130432,
            "99.990000" : 2768240640
          }
        },
        "lat_ns" : {
          "min" : 119040,
          "max" : 3589427493,
          "mean" : 8552095.151946,
          "stddev" : 60847896.100919,
          "N" : 44055
        },
        "bw_min" : 2223,
        "bw_max" : 134448,
        "bw_agg" : 100.000000,
        "bw_mean" : 57072.778470,
        "bw_dev" : 1737.317969,
        "bw_samples" : 1976,
        "iops_min" : 27,
        "iops_max" : 2100,
        "iops_mean" : 891.017854,
        "iops_stddev" : 27.161379,
        "iops_samples" : 1976
      },
      "trim" : {
        "io_bytes" : 0,
        "io_kbytes" : 0,
        "bw_bytes" : 0,
        "bw" : 0,
        "iops" : 0.000000,
        "runtime" : 0,
        "total_ios" : 0,
        "short_ios" : 0,
        "drop_ios" : 0,
        "slat_ns" : {
          "min" : 0,
          "max" : 0,
          "mean" : 0.000000,
          "stddev" : 0.000000,
          "N" : 0
        },
        "clat_ns" : {
          "min" : 0,
          "max" : 0,
          "mean" : 0.000000,
          "stddev" : 0.000000,
          "N" : 0
        },
        "lat_ns" : {
          "min" : 0,
          "max" : 0,
          "mean" : 0.000000,
          "stddev" : 0.000000,
          "N" : 0
        },
        "bw_min" : 0,
        "bw_max" : 0,
        "bw_agg" : 0.000000,
        "bw_mean" : 0.000000,
        "bw_dev" : 0.000000,
        "bw_samples" : 0,
        "iops_min" : 0,
        "iops_max" : 0,
        "iops_mean" : 0.000000,
        "iops_stddev" : 0.000000,
        "iops_samples" : 0
      },
      "sync" : {
        "total_ios" : 0,
        "lat_ns" : {
          "min" : 0,
          "max" : 0,
          "mean" : 0.000000,
          "stddev" : 0.000000,
          "N" : 0
        }
      },
      "job_runtime" : 1209599,
      "usr_cpu" : 0.155423,
      "sys_cpu" : 1.494793,
      "ctx" : 217485,
      "majf" : 0,
      "minf" : 730,
      "iodepth_level" : {
        "1" : 100.000000,
        "2" : 0.000000,
        "4" : 0.000000,
        "8" : 0.000000,
        "16" : 0.000000,
        "32" : 0.000000,
        ">=64" : 0.000000
      },
      "iodepth_submit" : {
        "0" : 0.000000,
        "4" : 100.000000,
        "8" : 0.000000,
        "16" : 0.000000,
        "32" : 0.000000,
        "64" : 0.000000,
        ">=64" : 0.000000
      },
      "iodepth_complete" : {
        "0" : 0.000000,
        "4" : 100.000000,
        "8" : 0.000000,
        "16" : 0.000000,
        "32" : 0.000000,
        "64" : 0.000000,
        ">=64" : 0.000000
      },
      "latency_ns" : {
        "2" : 0.000000,
        "4" : 0.000000,
        "10" : 0.000000,
        "20" : 0.000000,
        "50" : 0.000000,
        "100" : 0.000000,
        "250" : 0.000000,
        "500" : 0.000000,
        "750" : 0.000000,
        "1000" : 0.000000
      },
      "latency_us" : {
        "2" : 0.000000,
        "4" : 0.000000,
        "10" : 0.000000,
        "20" : 0.000000,
        "50" : 0.000000,
        "100" : 0.010000,
        "250" : 1.721829,
        "500" : 8.813441,
        "750" : 5.440843,
        "1000" : 3.668452
      },
      "latency_ms" : {
        "2" : 10.935664,
        "4" : 13.960480,
        "10" : 43.549974,
        "20" : 7.949794,
        "50" : 2.634672,
        "100" : 0.731777,
        "250" : 0.359398,
        "500" : 0.102490,
        "750" : 0.036213,
        "1000" : 0.027331,
        "2000" : 0.035530,
        ">=2000" : 0.028697
      },
      "latency_depth" : 1,
      "latency_target" : 0,
      "latency_percentile" : 100.000000,
      "latency_window" : 0
    }
  ]
}
