{
  "fio version" : "fio-3.36",
  "timestamp" : 1777468907,
  "timestamp_ms" : 1777468907655,
  "time" : "Wed Apr 29 13:21:47 2026",
  "global options" : {
    "ioengine" : "psync",
    "direct" : "0",
    "group_reporting" : "1",
    "time_based" : "1",
    "runtime" : "60",
    "ramp_time" : "5"
  },
  "jobs" : [
    {
      "jobname" : "concurrent-mixed",
      "groupid" : 0,
      "job_start" : 1777468844968,
      "error" : 0,
      "eta" : 0,
      "elapsed" : 68,
      "job options" : {
        "rw" : "randrw",
        "rwmixread" : "70",
        "bs" : "64k",
        "size" : "128m",
        "numjobs" : "1",
        "nrfiles" : "1",
        "directory" : "/mnt/s3fs",
        "filename_format" : "conc.$jobnum.bin"
      },
      "read" : {
        "io_bytes" : 8573419520,
        "io_kbytes" : 8372480,
        "bw_bytes" : 142887943,
        "bw" : 139539,
        "iops" : 2180.296995,
        "runtime" : 60001,
        "total_ios" : 130820,
        "short_ios" : 0,
        "drop_ios" : 0,
        "slat_ns" : {
          "min" : 0,
          "max" : 0,
          "mean" : 0.000000,
          "stddev" : 0.000000,
          "N" : 0
        },
        "clat_ns" : {
          "min" : 99642,
          "max" : 26093522,
          "mean" : 294583.024362,
          "stddev" : 435410.932458,
          "N" : 130820,
          "percentile" : {
            "1.000000" : 173056,
            "5.000000" : 195584,
            "10.000000" : 207872,
            "20.000000" : 222208,
            "30.000000" : 234496,
            "40.000000" : 242688,
            "50.000000" : 252928,
            "60.000000" : 264192,
            "70.000000" : 272384,
            "80.000000" : 288768,
            "90.000000" : 317440,
            "95.000000" : 362496,
            "99.000000" : 1253376,
            "99.500000" : 2441216,
            "99.900000" : 6455296,
            "99.950000" : 8093696,
            "99.990000" : 16711680
          }
        },
        "lat_ns" : {
          "min" : 99942,
          "max" : 26093922,
          "mean" : 294949.028688,
          "stddev" : 435474.016890,
          "N" : 130820
        },
        "bw_min" : 5888,
        "bw_max" : 176896,
        "bw_agg" : 99.967746,
        "bw_mean" : 139494.420168,
        "bw_dev" : 30801.442637,
        "bw_samples" : 119,
        "iops_min" : 92,
        "iops_max" : 2764,
        "iops_mean" : 2179.445378,
        "iops_stddev" : 481.299753,
        "iops_samples" : 119
      },
      "write" : {
        "io_bytes" : 3664379904,
        "io_kbytes" : 3578496,
        "bw_bytes" : 61071980,
        "bw" : 59640,
        "iops" : 931.884469,
        "runtime" : 60001,
        "total_ios" : 55914,
        "short_ios" : 0,
        "drop_ios" : 0,
        "slat_ns" : {
          "min" : 0,
          "max" : 0,
          "mean" : 0.000000,
          "stddev" : 0.000000,
          "N" : 0
        },
        "clat_ns" : {
          "min" : 124550,
          "max" : 21102015,
          "mean" : 320303.708463,
          "stddev" : 412066.077492,
          "N" : 55914,
          "percentile" : {
            "1.000000" : 195584,
            "5.000000" : 218112,
            "10.000000" : 230400,
            "20.000000" : 246784,
            "30.000000" : 259072,
            "40.000000" : 268288,
            "50.000000" : 280576,
            "60.000000" : 288768,
            "70.000000" : 301056,
            "80.000000" : 317440,
            "90.000000" : 350208,
            "95.000000" : 403456,
            "99.000000" : 1318912,
            "99.500000" : 2342912,
            "99.900000" : 6717440,
            "99.950000" : 8290304,
            "99.990000" : 16580608
          }
        },
        "lat_ns" : {
          "min" : 125949,
          "max" : 21103513,
          "mean" : 321969.007816,
          "stddev" : 412355.897855,
          "N" : 55914
        },
        "bw_min" : 2304,
        "bw_max" : 77056,
        "bw_agg" : 99.901736,
        "bw_mean" : 59582.092437,
        "bw_dev" : 13295.282502,
        "bw_samples" : 119,
        "iops_min" : 36,
        "iops_max" : 1204,
        "iops_mean" : 930.798319,
        "iops_stddev" : 207.770391,
        "iops_samples" : 119
      },
      "trim" : {
        "io_bytes" : 0,
        "io_kbytes" : 0,
        "bw_bytes" : 0,
        "bw" : 0,
        "iops" : 0.000000,
        "runtime" : 0,
        "total_ios" : 0,
        "short_ios" : 0,
        "drop_ios" : 0,
        "slat_ns" : {
          "min" : 0,
          "max" : 0,
          "mean" : 0.000000,
          "stddev" : 0.000000,
          "N" : 0
        },
        "clat_ns" : {
          "min" : 0,
          "max" : 0,
          "mean" : 0.000000,
          "stddev" : 0.000000,
          "N" : 0
        },
        "lat_ns" : {
          "min" : 0,
          "max" : 0,
          "mean" : 0.000000,
          "stddev" : 0.000000,
          "N" : 0
        },
        "bw_min" : 0,
        "bw_max" : 0,
        "bw_agg" : 0.000000,
        "bw_mean" : 0.000000,
        "bw_dev" : 0.000000,
        "bw_samples" : 0,
        "iops_min" : 0,
        "iops_max" : 0,
        "iops_mean" : 0.000000,
        "iops_stddev" : 0.000000,
        "iops_samples" : 0
      },
      "sync" : {
        "total_ios" : 0,
        "lat_ns" : {
          "min" : 0,
          "max" : 0,
          "mean" : 0.000000,
          "stddev" : 0.000000,
          "N" : 0
        }
      },
      "job_runtime" : 60000,
      "usr_cpu" : 2.601667,
      "sys_cpu" : 34.550000,
      "ctx" : 187932,
      "majf" : 0,
      "minf" : 36,
      "iodepth_level" : {
        "1" : 100.000000,
        "2" : 0.000000,
        "4" : 0.000000,
        "8" : 0.000000,
        "16" : 0.000000,
        "32" : 0.000000,
        ">=64" : 0.000000
      },
      "iodepth_submit" : {
        "0" : 0.000000,
        "4" : 100.000000,
        "8" : 0.000000,
        "16" : 0.000000,
        "32" : 0.000000,
        "64" : 0.000000,
        ">=64" : 0.000000
      },
      "iodepth_complete" : {
        "0" : 0.000000,
        "4" : 100.000000,
        "8" : 0.000000,
        "16" : 0.000000,
        "32" : 0.000000,
        "64" : 0.000000,
        ">=64" : 0.000000
      },
      "latency_ns" : {
        "2" : 0.000000,
        "4" : 0.000000,
        "10" : 0.000000,
        "20" : 0.000000,
        "50" : 0.000000,
        "100" : 0.000000,
        "250" : 0.000000,
        "500" : 0.000000,
        "750" : 0.000000,
        "1000" : 0.000000
      },
      "latency_us" : {
        "2" : 0.000000,
        "4" : 0.000000,
        "10" : 0.000000,
        "20" : 0.000000,
        "50" : 0.000000,
        "100" : 0.010000,
        "250" : 39.509677,
        "500" : 58.041921,
        "750" : 0.836484,
        "1000" : 0.379149
      },
      "latency_ms" : {
        "2" : 0.604603,
        "4" : 0.397357,
        "10" : 0.199749,
        "20" : 0.024634,
        "50" : 0.010000,
        "100" : 0.000000,
        "250" : 0.000000,
        "500" : 0.000000,
        "750" : 0.000000,
        "1000" : 0.000000,
        "2000" : 0.000000,
        ">=2000" : 0.000000
      },
      "latency_depth" : 1,
      "latency_target" : 0,
      "latency_percentile" : 100.000000,
      "latency_window" : 0
    }
  ]
}
