{
  "fio version" : "fio-3.36",
  "timestamp" : 1777469853,
  "timestamp_ms" : 1777469853131,
  "time" : "Wed Apr 29 13:37:33 2026",
  "global options" : {
    "ioengine" : "psync",
    "direct" : "0",
    "group_reporting" : "1",
    "time_based" : "1",
    "runtime" : "60",
    "ramp_time" : "5"
  },
  "jobs" : [
    {
      "jobname" : "concurrent-mixed",
      "groupid" : 0,
      "job_start" : 1777469200330,
      "error" : 0,
      "eta" : 0,
      "elapsed" : 93,
      "job options" : {
        "rw" : "randrw",
        "rwmixread" : "70",
        "bs" : "64k",
        "size" : "128m",
        "numjobs" : "10",
        "nrfiles" : "1",
        "directory" : "/mnt/s3fs",
        "filename_format" : "conc.$jobnum.bin"
      },
      "read" : {
        "io_bytes" : 20827930624,
        "io_kbytes" : 20339776,
        "bw_bytes" : 318718429,
        "bw" : 311248,
        "iops" : 4863.257280,
        "runtime" : 65349,
        "total_ios" : 317809,
        "short_ios" : 0,
        "drop_ios" : 0,
        "slat_ns" : {
          "min" : 0,
          "max" : 0,
          "mean" : 0.000000,
          "stddev" : 0.000000,
          "N" : 0
        },
        "clat_ns" : {
          "min" : 51735,
          "max" : 5447284632,
          "mean" : 1380925.582315,
          "stddev" : 26495061.785183,
          "N" : 317809,
          "percentile" : {
            "1.000000" : 118272,
            "5.000000" : 173056,
            "10.000000" : 207872,
            "20.000000" : 261120,
            "30.000000" : 321536,
            "40.000000" : 403456,
            "50.000000" : 552960,
            "60.000000" : 856064,
            "70.000000" : 1187840,
            "80.000000" : 1564672,
            "90.000000" : 2310144,
            "95.000000" : 3227648,
            "99.000000" : 9109504,
            "99.500000" : 16711680,
            "99.900000" : 48496640,
            "99.950000" : 72876032,
            "99.990000" : 417333248
          }
        },
        "lat_ns" : {
          "min" : 51935,
          "max" : 5447284833,
          "mean" : 1381374.538663,
          "stddev" : 26495069.025869,
          "N" : 317809
        },
        "bw_min" : 1792,
        "bw_max" : 663476,
        "bw_agg" : 100.000000,
        "bw_mean" : 343618.755589,
        "bw_dev" : 16115.488522,
        "bw_samples" : 1182,
        "iops_min" : 28,
        "iops_max" : 10365,
        "iops_mean" : 5367.495594,
        "iops_stddev" : 251.820501,
        "iops_samples" : 1182
      },
      "write" : {
        "io_bytes" : 8945664000,
        "io_kbytes" : 8736000,
        "bw_bytes" : 136890602,
        "bw" : 133682,
        "iops" : 2088.784832,
        "runtime" : 65349,
        "total_ios" : 136500,
        "short_ios" : 0,
        "drop_ios" : 0,
        "slat_ns" : {
          "min" : 0,
          "max" : 0,
          "mean" : 0.000000,
          "stddev" : 0.000000,
          "N" : 0
        },
        "clat_ns" : {
          "min" : 65818,
          "max" : 5437286432,
          "mean" : 1452461.286623,
          "stddev" : 22076863.540311,
          "N" : 136500,
          "percentile" : {
            "1.000000" : 152576,
            "5.000000" : 211968,
            "10.000000" : 250880,
            "20.000000" : 317440,
            "30.000000" : 391168,
            "40.000000" : 485376,
            "50.000000" : 651264,
            "60.000000" : 946176,
            "70.000000" : 1286144,
            "80.000000" : 1679360,
            "90.000000" : 2408448,
            "95.000000" : 3358720,
            "99.000000" : 9633792,
            "99.500000" : 17170432,
            "99.900000" : 53215232,
            "99.950000" : 82313216,
            "99.990000" : 455081984
          }
        },
        "lat_ns" : {
          "min" : 66817,
          "max" : 5437288137,
          "mean" : 1454968.885311,
          "stddev" : 22076888.146170,
          "N" : 136500
        },
        "bw_min" : 1626,
        "bw_max" : 291703,
        "bw_agg" : 100.000000,
        "bw_mean" : 149079.720980,
        "bw_dev" : 6843.607326,
        "bw_samples" : 1170,
        "iops_min" : 25,
        "iops_max" : 4557,
        "iops_mean" : 2327.955412,
        "iops_stddev" : 106.965729,
        "iops_samples" : 1170
      },
      "trim" : {
        "io_bytes" : 0,
        "io_kbytes" : 0,
        "bw_bytes" : 0,
        "bw" : 0,
        "iops" : 0.000000,
        "runtime" : 0,
        "total_ios" : 0,
        "short_ios" : 0,
        "drop_ios" : 0,
        "slat_ns" : {
          "min" : 0,
          "max" : 0,
          "mean" : 0.000000,
          "stddev" : 0.000000,
          "N" : 0
        },
        "clat_ns" : {
          "min" : 0,
          "max" : 0,
          "mean" : 0.000000,
          "stddev" : 0.000000,
          "N" : 0
        },
        "lat_ns" : {
          "min" : 0,
          "max" : 0,
          "mean" : 0.000000,
          "stddev" : 0.000000,
          "N" : 0
        },
        "bw_min" : 0,
        "bw_max" : 0,
        "bw_agg" : 0.000000,
        "bw_mean" : 0.000000,
        "bw_dev" : 0.000000,
        "bw_samples" : 0,
        "iops_min" : 0,
        "iops_max" : 0,
        "iops_mean" : 0.000000,
        "iops_stddev" : 0.000000,
        "iops_samples" : 0
      },
      "sync" : {
        "total_ios" : 0,
        "lat_ns" : {
          "min" : 0,
          "max" : 0,
          "mean" : 0.000000,
          "stddev" : 0.000000,
          "N" : 0
        }
      },
      "job_runtime" : 647374,
      "usr_cpu" : 0.950146,
      "sys_cpu" : 10.988239,
      "ctx" : 462905,
      "majf" : 0,
      "minf" : 366,
      "iodepth_level" : {
        "1" : 100.000000,
        "2" : 0.000000,
        "4" : 0.000000,
        "8" : 0.000000,
        "16" : 0.000000,
        "32" : 0.000000,
        ">=64" : 0.000000
      },
      "iodepth_submit" : {
        "0" : 0.000000,
        "4" : 100.000000,
        "8" : 0.000000,
        "16" : 0.000000,
        "32" : 0.000000,
        "64" : 0.000000,
        ">=64" : 0.000000
      },
      "iodepth_complete" : {
        "0" : 0.000000,
        "4" : 100.000000,
        "8" : 0.000000,
        "16" : 0.000000,
        "32" : 0.000000,
        "64" : 0.000000,
        ">=64" : 0.000000
      },
      "latency_ns" : {
        "2" : 0.000000,
        "4" : 0.000000,
        "10" : 0.000000,
        "20" : 0.000000,
        "50" : 0.000000,
        "100" : 0.000000,
        "250" : 0.000000,
        "500" : 0.000000,
        "750" : 0.000000,
        "1000" : 0.000000
      },
      "latency_us" : {
        "2" : 0.000000,
        "4" : 0.000000,
        "10" : 0.000000,
        "20" : 0.000000,
        "50" : 0.000000,
        "100" : 0.265678,
        "250" : 15.305442,
        "500" : 29.856111,
        "750" : 10.596312,
        "1000" : 7.516690
      },
      "latency_ms" : {
        "2" : 23.038285,
        "4" : 10.098193,
        "10" : 2.395286,
        "20" : 0.566575,
        "50" : 0.261496,
        "100" : 0.069336,
        "250" : 0.017169,
        "500" : 0.010000,
        "750" : 0.010000,
        "1000" : 0.010000,
        "2000" : 0.010000,
        ">=2000" : 0.010000
      },
      "latency_depth" : 1,
      "latency_target" : 0,
      "latency_percentile" : 100.000000,
      "latency_window" : 0
    }
  ]
}
