{
  "fio version" : "fio-3.36",
  "timestamp" : 1777469071,
  "timestamp_ms" : 1777469071728,
  "time" : "Wed Apr 29 13:24:31 2026",
  "global options" : {
    "ioengine" : "psync",
    "direct" : "0",
    "group_reporting" : "1",
    "time_based" : "1",
    "runtime" : "60",
    "ramp_time" : "5"
  },
  "jobs" : [
    {
      "jobname" : "concurrent-mixed",
      "groupid" : 0,
      "job_start" : 1777469006620,
      "error" : 0,
      "eta" : 0,
      "elapsed" : 71,
      "job options" : {
        "rw" : "randrw",
        "rwmixread" : "70",
        "bs" : "64k",
        "size" : "128m",
        "numjobs" : "5",
        "nrfiles" : "1",
        "directory" : "/mnt/s3fs",
        "filename_format" : "conc.$jobnum.bin"
      },
      "read" : {
        "io_bytes" : 30789664768,
        "io_kbytes" : 30068032,
        "bw_bytes" : 503436366,
        "bw" : 491637,
        "iops" : 7681.829330,
        "runtime" : 61159,
        "total_ios" : 469813,
        "short_ios" : 0,
        "drop_ios" : 0,
        "slat_ns" : {
          "min" : 0,
          "max" : 0,
          "mean" : 0.000000,
          "stddev" : 0.000000,
          "N" : 0
        },
        "clat_ns" : {
          "min" : 62898,
          "max" : 1166914223,
          "mean" : 420134.297216,
          "stddev" : 1982407.137285,
          "N" : 469813,
          "percentile" : {
            "1.000000" : 125440,
            "5.000000" : 168960,
            "10.000000" : 187392,
            "20.000000" : 211968,
            "30.000000" : 238592,
            "40.000000" : 264192,
            "50.000000" : 296960,
            "60.000000" : 337920,
            "70.000000" : 391168,
            "80.000000" : 468992,
            "90.000000" : 634880,
            "95.000000" : 847872,
            "99.000000" : 1925120,
            "99.500000" : 3063808,
            "99.900000" : 12386304,
            "99.950000" : 22675456,
            "99.990000" : 41156608
          }
        },
        "lat_ns" : {
          "min" : 63198,
          "max" : 1166914622,
          "mean" : 420550.846166,
          "stddev" : 1982757.815378,
          "N" : 469813
        },
        "bw_min" : 125019,
        "bw_max" : 724352,
        "bw_agg" : 100.000000,
        "bw_mean" : 500725.206723,
        "bw_dev" : 26449.036764,
        "bw_samples" : 596,
        "iops_min" : 1952,
        "iops_max" : 11318,
        "iops_mean" : 7823.097409,
        "iops_stddev" : 413.311812,
        "iops_samples" : 596
      },
      "write" : {
        "io_bytes" : 13234339840,
        "io_kbytes" : 12924160,
        "bw_bytes" : 216392351,
        "bw" : 211320,
        "iops" : 3301.885250,
        "runtime" : 61159,
        "total_ios" : 201940,
        "short_ios" : 0,
        "drop_ios" : 0,
        "slat_ns" : {
          "min" : 0,
          "max" : 0,
          "mean" : 0.000000,
          "stddev" : 0.000000,
          "N" : 0
        },
        "clat_ns" : {
          "min" : 86804,
          "max" : 73595770,
          "mean" : 446412.605972,
          "stddev" : 857704.482041,
          "N" : 201940,
          "percentile" : {
            "1.000000" : 150528,
            "5.000000" : 189440,
            "10.000000" : 207872,
            "20.000000" : 234496,
            "30.000000" : 264192,
            "40.000000" : 296960,
            "50.000000" : 333824,
            "60.000000" : 378880,
            "70.000000" : 436224,
            "80.000000" : 522240,
            "90.000000" : 684032,
            "95.000000" : 897024,
            "99.000000" : 1908736,
            "99.500000" : 2932736,
            "99.900000" : 9502720,
            "99.950000" : 19267584,
            "99.990000" : 34865152
          }
        },
        "lat_ns" : {
          "min" : 88702,
          "max" : 73597369,
          "mean" : 448584.981861,
          "stddev" : 858002.857217,
          "N" : 201940
        },
        "bw_min" : 49002,
        "bw_max" : 319744,
        "bw_agg" : 100.000000,
        "bw_mean" : 215167.529132,
        "bw_dev" : 11579.092010,
        "bw_samples" : 596,
        "iops_min" : 764,
        "iops_max" : 4996,
        "iops_mean" : 3361.272829,
        "iops_stddev" : 180.980014,
        "iops_samples" : 596
      },
      "trim" : {
        "io_bytes" : 0,
        "io_kbytes" : 0,
        "bw_bytes" : 0,
        "bw" : 0,
        "iops" : 0.000000,
        "runtime" : 0,
        "total_ios" : 0,
        "short_ios" : 0,
        "drop_ios" : 0,
        "slat_ns" : {
          "min" : 0,
          "max" : 0,
          "mean" : 0.000000,
          "stddev" : 0.000000,
          "N" : 0
        },
        "clat_ns" : {
          "min" : 0,
          "max" : 0,
          "mean" : 0.000000,
          "stddev" : 0.000000,
          "N" : 0
        },
        "lat_ns" : {
          "min" : 0,
          "max" : 0,
          "mean" : 0.000000,
          "stddev" : 0.000000,
          "N" : 0
        },
        "bw_min" : 0,
        "bw_max" : 0,
        "bw_agg" : 0.000000,
        "bw_mean" : 0.000000,
        "bw_dev" : 0.000000,
        "bw_samples" : 0,
        "iops_min" : 0,
        "iops_max" : 0,
        "iops_mean" : 0.000000,
        "iops_stddev" : 0.000000,
        "iops_samples" : 0
      },
      "sync" : {
        "total_ios" : 0,
        "lat_ns" : {
          "min" : 0,
          "max" : 0,
          "mean" : 0.000000,
          "stddev" : 0.000000,
          "N" : 0
        }
      },
      "job_runtime" : 301158,
      "usr_cpu" : 2.378486,
      "sys_cpu" : 30.069930,
      "ctx" : 678537,
      "majf" : 0,
      "minf" : 183,
      "iodepth_level" : {
        "1" : 100.000000,
        "2" : 0.000000,
        "4" : 0.000000,
        "8" : 0.000000,
        "16" : 0.000000,
        "32" : 0.000000,
        ">=64" : 0.000000
      },
      "iodepth_submit" : {
        "0" : 0.000000,
        "4" : 100.000000,
        "8" : 0.000000,
        "16" : 0.000000,
        "32" : 0.000000,
        "64" : 0.000000,
        ">=64" : 0.000000
      },
      "iodepth_complete" : {
        "0" : 0.000000,
        "4" : 100.000000,
        "8" : 0.000000,
        "16" : 0.000000,
        "32" : 0.000000,
        "64" : 0.000000,
        ">=64" : 0.000000
      },
      "latency_ns" : {
        "2" : 0.000000,
        "4" : 0.000000,
        "10" : 0.000000,
        "20" : 0.000000,
        "50" : 0.000000,
        "100" : 0.000000,
        "250" : 0.000000,
        "500" : 0.000000,
        "750" : 0.000000,
        "1000" : 0.000000
      },
      "latency_us" : {
        "2" : 0.000000,
        "4" : 0.000000,
        "10" : 0.000000,
        "20" : 0.000000,
        "50" : 0.000000,
        "100" : 0.103610,
        "250" : 31.801868,
        "500" : 49.309642,
        "750" : 11.783200,
        "1000" : 3.462136
      },
      "latency_ms" : {
        "2" : 2.598425,
        "4" : 0.597988,
        "10" : 0.227465,
        "20" : 0.061183,
        "50" : 0.049721,
        "100" : 0.010000,
        "250" : 0.010000,
        "500" : 0.000000,
        "750" : 0.000000,
        "1000" : 0.000000,
        "2000" : 0.010000,
        ">=2000" : 0.000000
      },
      "latency_depth" : 1,
      "latency_target" : 0,
      "latency_percentile" : 100.000000,
      "latency_window" : 0
    }
  ]
}
