{
  "fio version" : "fio-3.36",
  "timestamp" : 1777358915,
  "timestamp_ms" : 1777358915952,
  "time" : "Tue Apr 28 06:48:35 2026",
  "global options" : {
    "ioengine" : "psync",
    "direct" : "0",
    "group_reporting" : "1",
    "fsync_on_close" : "1",
    "time_based" : "0",
    "runtime" : "0"
  },
  "jobs" : [
    {
      "jobname" : "seq-write",
      "groupid" : 0,
      "job_start" : 1777358880305,
      "error" : 0,
      "eta" : 0,
      "elapsed" : 36,
      "job options" : {
        "rw" : "write",
        "bs" : "1M",
        "size" : "4G",
        "numjobs" : "1",
        "filename" : "/mnt/rclone/seq-write.bin"
      },
      "read" : {
        "io_bytes" : 0,
        "io_kbytes" : 0,
        "bw_bytes" : 0,
        "bw" : 0,
        "iops" : 0.000000,
        "runtime" : 0,
        "total_ios" : 0,
        "short_ios" : 0,
        "drop_ios" : 0,
        "slat_ns" : {
          "min" : 0,
          "max" : 0,
          "mean" : 0.000000,
          "stddev" : 0.000000,
          "N" : 0
        },
        "clat_ns" : {
          "min" : 0,
          "max" : 0,
          "mean" : 0.000000,
          "stddev" : 0.000000,
          "N" : 0
        },
        "lat_ns" : {
          "min" : 0,
          "max" : 0,
          "mean" : 0.000000,
          "stddev" : 0.000000,
          "N" : 0
        },
        "bw_min" : 0,
        "bw_max" : 0,
        "bw_agg" : 0.000000,
        "bw_mean" : 0.000000,
        "bw_dev" : 0.000000,
        "bw_samples" : 0,
        "iops_min" : 0,
        "iops_max" : 0,
        "iops_mean" : 0.000000,
        "iops_stddev" : 0.000000,
        "iops_samples" : 0
      },
      "write" : {
        "io_bytes" : 4294967296,
        "io_kbytes" : 4194304,
        "bw_bytes" : 120574023,
        "bw" : 117748,
        "iops" : 114.988350,
        "runtime" : 35621,
        "total_ios" : 4096,
        "short_ios" : 0,
        "drop_ios" : 0,
        "slat_ns" : {
          "min" : 0,
          "max" : 0,
          "mean" : 0.000000,
          "stddev" : 0.000000,
          "N" : 0
        },
        "clat_ns" : {
          "min" : 3250733,
          "max" : 1236065391,
          "mean" : 8629662.009277,
          "stddev" : 24628797.801103,
          "N" : 4096,
          "percentile" : {
            "1.000000" : 4079616,
            "5.000000" : 4751360,
            "10.000000" : 5210112,
            "20.000000" : 5734400,
            "30.000000" : 6193152,
            "40.000000" : 6586368,
            "50.000000" : 6979584,
            "60.000000" : 7372800,
            "70.000000" : 7831552,
            "80.000000" : 8585216,
            "90.000000" : 10158080,
            "95.000000" : 11993088,
            "99.000000" : 25034752,
            "99.500000" : 47972352,
            "99.900000" : 278921216,
            "99.950000" : 497025024,
            "99.990000" : 1233125376
          }
        },
        "lat_ns" : {
          "min" : 3291375,
          "max" : 1236153380,
          "mean" : 8687080.252441,
          "stddev" : 24630028.916507,
          "N" : 4096
        },
        "bw_min" : 6144,
        "bw_max" : 192127,
        "bw_agg" : 100.000000,
        "bw_mean" : 119422.357143,
        "bw_dev" : 43208.712617,
        "bw_samples" : 70,
        "iops_min" : 6,
        "iops_max" : 187,
        "iops_mean" : 116.585714,
        "iops_stddev" : 42.204297,
        "iops_samples" : 70
      },
      "trim" : {
        "io_bytes" : 0,
        "io_kbytes" : 0,
        "bw_bytes" : 0,
        "bw" : 0,
        "iops" : 0.000000,
        "runtime" : 0,
        "total_ios" : 0,
        "short_ios" : 0,
        "drop_ios" : 0,
        "slat_ns" : {
          "min" : 0,
          "max" : 0,
          "mean" : 0.000000,
          "stddev" : 0.000000,
          "N" : 0
        },
        "clat_ns" : {
          "min" : 0,
          "max" : 0,
          "mean" : 0.000000,
          "stddev" : 0.000000,
          "N" : 0
        },
        "lat_ns" : {
          "min" : 0,
          "max" : 0,
          "mean" : 0.000000,
          "stddev" : 0.000000,
          "N" : 0
        },
        "bw_min" : 0,
        "bw_max" : 0,
        "bw_agg" : 0.000000,
        "bw_mean" : 0.000000,
        "bw_dev" : 0.000000,
        "bw_samples" : 0,
        "iops_min" : 0,
        "iops_max" : 0,
        "iops_mean" : 0.000000,
        "iops_stddev" : 0.000000,
        "iops_samples" : 0
      },
      "sync" : {
        "total_ios" : 0,
        "lat_ns" : {
          "min" : 0,
          "max" : 0,
          "mean" : 0.000000,
          "stddev" : 0.000000,
          "N" : 0
        }
      },
      "job_runtime" : 35620,
      "usr_cpu" : 0.651319,
      "sys_cpu" : 28.773161,
      "ctx" : 32781,
      "majf" : 0,
      "minf" : 13,
      "iodepth_level" : {
        "1" : 100.000000,
        "2" : 0.000000,
        "4" : 0.000000,
        "8" : 0.000000,
        "16" : 0.000000,
        "32" : 0.000000,
        ">=64" : 0.000000
      },
      "iodepth_submit" : {
        "0" : 0.000000,
        "4" : 100.000000,
        "8" : 0.000000,
        "16" : 0.000000,
        "32" : 0.000000,
        "64" : 0.000000,
        ">=64" : 0.000000
      },
      "iodepth_complete" : {
        "0" : 0.000000,
        "4" : 100.000000,
        "8" : 0.000000,
        "16" : 0.000000,
        "32" : 0.000000,
        "64" : 0.000000,
        ">=64" : 0.000000
      },
      "latency_ns" : {
        "2" : 0.000000,
        "4" : 0.000000,
        "10" : 0.000000,
        "20" : 0.000000,
        "50" : 0.000000,
        "100" : 0.000000,
        "250" : 0.000000,
        "500" : 0.000000,
        "750" : 0.000000,
        "1000" : 0.000000
      },
      "latency_us" : {
        "2" : 0.000000,
        "4" : 0.000000,
        "10" : 0.000000,
        "20" : 0.000000,
        "50" : 0.000000,
        "100" : 0.000000,
        "250" : 0.000000,
        "500" : 0.000000,
        "750" : 0.000000,
        "1000" : 0.000000
      },
      "latency_ms" : {
        "2" : 0.000000,
        "4" : 0.732422,
        "10" : 88.891602,
        "20" : 8.764648,
        "50" : 1.147461,
        "100" : 0.195312,
        "250" : 0.122070,
        "500" : 0.097656,
        "750" : 0.024414,
        "1000" : 0.000000,
        "2000" : 0.024414,
        ">=2000" : 0.000000
      },
      "latency_depth" : 1,
      "latency_target" : 0,
      "latency_percentile" : 100.000000,
      "latency_window" : 0
    }
  ]
}
