{
  "fio version" : "fio-3.36",
  "timestamp" : 1777351212,
  "timestamp_ms" : 1777351212379,
  "time" : "Tue Apr 28 04:40:12 2026",
  "global options" : {
    "ioengine" : "psync",
    "direct" : "0",
    "group_reporting" : "1"
  },
  "jobs" : [
    {
      "jobname" : "rand-rw",
      "groupid" : 0,
      "job_start" : 1777351055373,
      "error" : 0,
      "eta" : 0,
      "elapsed" : 158,
      "job options" : {
        "rw" : "randrw",
        "rwmixread" : "70",
        "bs" : "4k",
        "size" : "2G",
        "numjobs" : "1",
        "filename" : "/mnt/rclone/rand-rw.bin"
      },
      "read" : {
        "io_bytes" : 1501749248,
        "io_kbytes" : 1466552,
        "bw_bytes" : 9567414,
        "bw" : 9343,
        "iops" : 2335.794604,
        "runtime" : 156965,
        "total_ios" : 366638,
        "short_ios" : 0,
        "drop_ios" : 0,
        "slat_ns" : {
          "min" : 0,
          "max" : 0,
          "mean" : 0.000000,
          "stddev" : 0.000000,
          "N" : 0
        },
        "clat_ns" : {
          "min" : 97542,
          "max" : 520054062,
          "mean" : 294373.766571,
          "stddev" : 1050822.345523,
          "N" : 366638,
          "percentile" : {
            "1.000000" : 175104,
            "5.000000" : 195584,
            "10.000000" : 211968,
            "20.000000" : 228352,
            "30.000000" : 244736,
            "40.000000" : 257024,
            "50.000000" : 272384,
            "60.000000" : 288768,
            "70.000000" : 305152,
            "80.000000" : 325632,
            "90.000000" : 362496,
            "95.000000" : 395264,
            "99.000000" : 585728,
            "99.500000" : 847872,
            "99.900000" : 2179072,
            "99.950000" : 3424256,
            "99.990000" : 15532032
          }
        },
        "lat_ns" : {
          "min" : 97742,
          "max" : 520054562,
          "mean" : 294623.456224,
          "stddev" : 1050827.344509,
          "N" : 366638
        },
        "bw_min" : 744,
        "bw_max" : 12224,
        "bw_agg" : 100.000000,
        "bw_mean" : 9349.533546,
        "bw_dev" : 1862.404771,
        "bw_samples" : 313,
        "iops_min" : 186,
        "iops_max" : 3056,
        "iops_mean" : 2337.319489,
        "iops_stddev" : 465.597741,
        "iops_samples" : 313
      },
      "write" : {
        "io_bytes" : 645734400,
        "io_kbytes" : 630600,
        "bw_bytes" : 4113875,
        "bw" : 4017,
        "iops" : 1004.364030,
        "runtime" : 156965,
        "total_ios" : 157650,
        "short_ios" : 0,
        "drop_ios" : 0,
        "slat_ns" : {
          "min" : 0,
          "max" : 0,
          "mean" : 0.000000,
          "stddev" : 0.000000,
          "N" : 0
        },
        "clat_ns" : {
          "min" : 98542,
          "max" : 319382962,
          "mean" : 300026.703990,
          "stddev" : 1149616.349551,
          "N" : 157650,
          "percentile" : {
            "1.000000" : 175104,
            "5.000000" : 197632,
            "10.000000" : 211968,
            "20.000000" : 228352,
            "30.000000" : 244736,
            "40.000000" : 259072,
            "50.000000" : 272384,
            "60.000000" : 288768,
            "70.000000" : 305152,
            "80.000000" : 329728,
            "90.000000" : 362496,
            "95.000000" : 395264,
            "99.000000" : 585728,
            "99.500000" : 847872,
            "99.900000" : 2441216,
            "99.950000" : 4816896,
            "99.990000" : 28442624
          }
        },
        "lat_ns" : {
          "min" : 98841,
          "max" : 319383962,
          "mean" : 300465.784466,
          "stddev" : 1149645.096623,
          "N" : 157650
        },
        "bw_min" : 352,
        "bw_max" : 5384,
        "bw_agg" : 100.000000,
        "bw_mean" : 4019.881789,
        "bw_dev" : 804.325268,
        "bw_samples" : 313,
        "iops_min" : 88,
        "iops_max" : 1346,
        "iops_mean" : 1004.929712,
        "iops_stddev" : 201.101203,
        "iops_samples" : 313
      },
      "trim" : {
        "io_bytes" : 0,
        "io_kbytes" : 0,
        "bw_bytes" : 0,
        "bw" : 0,
        "iops" : 0.000000,
        "runtime" : 0,
        "total_ios" : 0,
        "short_ios" : 0,
        "drop_ios" : 0,
        "slat_ns" : {
          "min" : 0,
          "max" : 0,
          "mean" : 0.000000,
          "stddev" : 0.000000,
          "N" : 0
        },
        "clat_ns" : {
          "min" : 0,
          "max" : 0,
          "mean" : 0.000000,
          "stddev" : 0.000000,
          "N" : 0
        },
        "lat_ns" : {
          "min" : 0,
          "max" : 0,
          "mean" : 0.000000,
          "stddev" : 0.000000,
          "N" : 0
        },
        "bw_min" : 0,
        "bw_max" : 0,
        "bw_agg" : 0.000000,
        "bw_mean" : 0.000000,
        "bw_dev" : 0.000000,
        "bw_samples" : 0,
        "iops_min" : 0,
        "iops_max" : 0,
        "iops_mean" : 0.000000,
        "iops_stddev" : 0.000000,
        "iops_samples" : 0
      },
      "sync" : {
        "total_ios" : 0,
        "lat_ns" : {
          "min" : 0,
          "max" : 0,
          "mean" : 0.000000,
          "stddev" : 0.000000,
          "N" : 0
        }
      },
      "job_runtime" : 156964,
      "usr_cpu" : 2.282052,
      "sys_cpu" : 15.553248,
      "ctx" : 524920,
      "majf" : 0,
      "minf" : 14,
      "iodepth_level" : {
        "1" : 100.000000,
        "2" : 0.000000,
        "4" : 0.000000,
        "8" : 0.000000,
        "16" : 0.000000,
        "32" : 0.000000,
        ">=64" : 0.000000
      },
      "iodepth_submit" : {
        "0" : 0.000000,
        "4" : 100.000000,
        "8" : 0.000000,
        "16" : 0.000000,
        "32" : 0.000000,
        "64" : 0.000000,
        ">=64" : 0.000000
      },
      "iodepth_complete" : {
        "0" : 0.000000,
        "4" : 100.000000,
        "8" : 0.000000,
        "16" : 0.000000,
        "32" : 0.000000,
        "64" : 0.000000,
        ">=64" : 0.000000
      },
      "latency_ns" : {
        "2" : 0.000000,
        "4" : 0.000000,
        "10" : 0.000000,
        "20" : 0.000000,
        "50" : 0.000000,
        "100" : 0.000000,
        "250" : 0.000000,
        "500" : 0.000000,
        "750" : 0.000000,
        "1000" : 0.000000
      },
      "latency_us" : {
        "2" : 0.000000,
        "4" : 0.000000,
        "10" : 0.000000,
        "20" : 0.000000,
        "50" : 0.000000,
        "100" : 0.010000,
        "250" : 34.031105,
        "500" : 64.399529,
        "750" : 0.957298,
        "1000" : 0.233459
      },
      "latency_ms" : {
        "2" : 0.258827,
        "4" : 0.075340,
        "10" : 0.023842,
        "20" : 0.013351,
        "50" : 0.010000,
        "100" : 0.010000,
        "250" : 0.010000,
        "500" : 0.010000,
        "750" : 0.010000,
        "1000" : 0.000000,
        "2000" : 0.000000,
        ">=2000" : 0.000000
      },
      "latency_depth" : 1,
      "latency_target" : 0,
      "latency_percentile" : 100.000000,
      "latency_window" : 0
    }
  ]
}
