{
  "fio version" : "fio-3.36",
  "timestamp" : 1777358623,
  "timestamp_ms" : 1777358623330,
  "time" : "Tue Apr 28 06:43:43 2026",
  "global options" : {
    "ioengine" : "psync",
    "direct" : "0",
    "group_reporting" : "1",
    "time_based" : "0",
    "runtime" : "0"
  },
  "jobs" : [
    {
      "jobname" : "seq-read",
      "groupid" : 0,
      "job_start" : 1777358575666,
      "error" : 0,
      "eta" : 0,
      "elapsed" : 48,
      "job options" : {
        "rw" : "read",
        "bs" : "1M",
        "size" : "4G",
        "numjobs" : "1",
        "filename" : "/mnt/rclone/seq-read.bin"
      },
      "read" : {
        "io_bytes" : 4294967296,
        "io_kbytes" : 4194304,
        "bw_bytes" : 90179253,
        "bw" : 88065,
        "iops" : 86.001638,
        "runtime" : 47627,
        "total_ios" : 4096,
        "short_ios" : 0,
        "drop_ios" : 0,
        "slat_ns" : {
          "min" : 0,
          "max" : 0,
          "mean" : 0.000000,
          "stddev" : 0.000000,
          "N" : 0
        },
        "clat_ns" : {
          "min" : 2210589,
          "max" : 200335186,
          "mean" : 11613829.986816,
          "stddev" : 11350083.554719,
          "N" : 4096,
          "percentile" : {
            "1.000000" : 3424256,
            "5.000000" : 4227072,
            "10.000000" : 4751360,
            "20.000000" : 5603328,
            "30.000000" : 6455296,
            "40.000000" : 7241728,
            "50.000000" : 8290304,
            "60.000000" : 9502720,
            "70.000000" : 11468800,
            "80.000000" : 14483456,
            "90.000000" : 21102592,
            "95.000000" : 30801920,
            "99.000000" : 56885248,
            "99.500000" : 70778880,
            "99.900000" : 139460608,
            "99.950000" : 156237824,
            "99.990000" : 200278016
          }
        },
        "lat_ns" : {
          "min" : 2211388,
          "max" : 200335984,
          "mean" : 11614788.969971,
          "stddev" : 11350196.847425,
          "N" : 4096
        },
        "bw_min" : 18395,
        "bw_max" : 169984,
        "bw_agg" : 100.000000,
        "bw_mean" : 88657.308511,
        "bw_dev" : 38264.457114,
        "bw_samples" : 94,
        "iops_min" : 17,
        "iops_max" : 166,
        "iops_mean" : 86.414894,
        "iops_stddev" : 37.442259,
        "iops_samples" : 94
      },
      "write" : {
        "io_bytes" : 0,
        "io_kbytes" : 0,
        "bw_bytes" : 0,
        "bw" : 0,
        "iops" : 0.000000,
        "runtime" : 0,
        "total_ios" : 0,
        "short_ios" : 0,
        "drop_ios" : 0,
        "slat_ns" : {
          "min" : 0,
          "max" : 0,
          "mean" : 0.000000,
          "stddev" : 0.000000,
          "N" : 0
        },
        "clat_ns" : {
          "min" : 0,
          "max" : 0,
          "mean" : 0.000000,
          "stddev" : 0.000000,
          "N" : 0
        },
        "lat_ns" : {
          "min" : 0,
          "max" : 0,
          "mean" : 0.000000,
          "stddev" : 0.000000,
          "N" : 0
        },
        "bw_min" : 0,
        "bw_max" : 0,
        "bw_agg" : 0.000000,
        "bw_mean" : 0.000000,
        "bw_dev" : 0.000000,
        "bw_samples" : 0,
        "iops_min" : 0,
        "iops_max" : 0,
        "iops_mean" : 0.000000,
        "iops_stddev" : 0.000000,
        "iops_samples" : 0
      },
      "trim" : {
        "io_bytes" : 0,
        "io_kbytes" : 0,
        "bw_bytes" : 0,
        "bw" : 0,
        "iops" : 0.000000,
        "runtime" : 0,
        "total_ios" : 0,
        "short_ios" : 0,
        "drop_ios" : 0,
        "slat_ns" : {
          "min" : 0,
          "max" : 0,
          "mean" : 0.000000,
          "stddev" : 0.000000,
          "N" : 0
        },
        "clat_ns" : {
          "min" : 0,
          "max" : 0,
          "mean" : 0.000000,
          "stddev" : 0.000000,
          "N" : 0
        },
        "lat_ns" : {
          "min" : 0,
          "max" : 0,
          "mean" : 0.000000,
          "stddev" : 0.000000,
          "N" : 0
        },
        "bw_min" : 0,
        "bw_max" : 0,
        "bw_agg" : 0.000000,
        "bw_mean" : 0.000000,
        "bw_dev" : 0.000000,
        "bw_samples" : 0,
        "iops_min" : 0,
        "iops_max" : 0,
        "iops_mean" : 0.000000,
        "iops_stddev" : 0.000000,
        "iops_samples" : 0
      },
      "sync" : {
        "total_ios" : 0,
        "lat_ns" : {
          "min" : 0,
          "max" : 0,
          "mean" : 0.000000,
          "stddev" : 0.000000,
          "N" : 0
        }
      },
      "job_runtime" : 47626,
      "usr_cpu" : 0.413640,
      "sys_cpu" : 10.112124,
      "ctx" : 18257,
      "majf" : 0,
      "minf" : 268,
      "iodepth_level" : {
        "1" : 100.000000,
        "2" : 0.000000,
        "4" : 0.000000,
        "8" : 0.000000,
        "16" : 0.000000,
        "32" : 0.000000,
        ">=64" : 0.000000
      },
      "iodepth_submit" : {
        "0" : 0.000000,
        "4" : 100.000000,
        "8" : 0.000000,
        "16" : 0.000000,
        "32" : 0.000000,
        "64" : 0.000000,
        ">=64" : 0.000000
      },
      "iodepth_complete" : {
        "0" : 0.000000,
        "4" : 100.000000,
        "8" : 0.000000,
        "16" : 0.000000,
        "32" : 0.000000,
        "64" : 0.000000,
        ">=64" : 0.000000
      },
      "latency_ns" : {
        "2" : 0.000000,
        "4" : 0.000000,
        "10" : 0.000000,
        "20" : 0.000000,
        "50" : 0.000000,
        "100" : 0.000000,
        "250" : 0.000000,
        "500" : 0.000000,
        "750" : 0.000000,
        "1000" : 0.000000
      },
      "latency_us" : {
        "2" : 0.000000,
        "4" : 0.000000,
        "10" : 0.000000,
        "20" : 0.000000,
        "50" : 0.000000,
        "100" : 0.000000,
        "250" : 0.000000,
        "500" : 0.000000,
        "750" : 0.000000,
        "1000" : 0.000000
      },
      "latency_ms" : {
        "2" : 0.000000,
        "4" : 3.344727,
        "10" : 59.570312,
        "20" : 26.025391,
        "50" : 9.814453,
        "100" : 1.049805,
        "250" : 0.195312,
        "500" : 0.000000,
        "750" : 0.000000,
        "1000" : 0.000000,
        "2000" : 0.000000,
        ">=2000" : 0.000000
      },
      "latency_depth" : 1,
      "latency_target" : 0,
      "latency_percentile" : 100.000000,
      "latency_window" : 0
    }
  ]
}
