{
  "fio version" : "fio-3.36",
  "timestamp" : 1777358407,
  "timestamp_ms" : 1777358407075,
  "time" : "Tue Apr 28 06:40:07 2026",
  "global options" : {
    "ioengine" : "psync",
    "direct" : "0",
    "group_reporting" : "1"
  },
  "jobs" : [
    {
      "jobname" : "rand-rw",
      "groupid" : 0,
      "job_start" : 1777351322864,
      "error" : 0,
      "eta" : 0,
      "elapsed" : 5773,
      "job options" : {
        "rw" : "randrw",
        "rwmixread" : "70",
        "bs" : "4k",
        "size" : "2G",
        "numjobs" : "1",
        "filename" : "/mnt/s3fs/rand-rw.bin"
      },
      "read" : {
        "io_bytes" : 1501749248,
        "io_kbytes" : 1466552,
        "bw_bytes" : 262050,
        "bw" : 255,
        "iops" : 63.977282,
        "runtime" : 5730753,
        "total_ios" : 366638,
        "short_ios" : 0,
        "drop_ios" : 0,
        "slat_ns" : {
          "min" : 0,
          "max" : 0,
          "mean" : 0.000000,
          "stddev" : 0.000000,
          "N" : 0
        },
        "clat_ns" : {
          "min" : 65961,
          "max" : 2860028455,
          "mean" : 3614792.646496,
          "stddev" : 7399486.881600,
          "N" : 366638,
          "percentile" : {
            "1.000000" : 152576,
            "5.000000" : 226304,
            "10.000000" : 301056,
            "20.000000" : 536576,
            "30.000000" : 905216,
            "40.000000" : 1482752,
            "50.000000" : 2342912,
            "60.000000" : 3391488,
            "70.000000" : 4685824,
            "80.000000" : 6324224,
            "90.000000" : 8585216,
            "95.000000" : 10420224,
            "99.000000" : 15532032,
            "99.500000" : 19529728,
            "99.900000" : 33423360,
            "99.950000" : 41680896,
            "99.990000" : 106430464
          }
        },
        "lat_ns" : {
          "min" : 66160,
          "max" : 2860028654,
          "mean" : 3615119.251354,
          "stddev" : 7399515.188859,
          "N" : 366638
        },
        "bw_min" : 7,
        "bw_max" : 9824,
        "bw_agg" : 100.000000,
        "bw_mean" : 256.589362,
        "bw_dev" : 453.878882,
        "bw_samples" : 11431,
        "iops_min" : 1,
        "iops_max" : 2456,
        "iops_mean" : 64.140408,
        "iops_stddev" : 113.468029,
        "iops_samples" : 11431
      },
      "write" : {
        "io_bytes" : 645734400,
        "io_kbytes" : 630600,
        "bw_bytes" : 112678,
        "bw" : 110,
        "iops" : 27.509474,
        "runtime" : 5730753,
        "total_ios" : 157650,
        "short_ios" : 0,
        "drop_ios" : 0,
        "slat_ns" : {
          "min" : 0,
          "max" : 0,
          "mean" : 0.000000,
          "stddev" : 0.000000,
          "N" : 0
        },
        "clat_ns" : {
          "min" : 106639,
          "max" : 2048329637,
          "mean" : 27923333.499537,
          "stddev" : 26414221.207496,
          "N" : 157650,
          "percentile" : {
            "1.000000" : 288768,
            "5.000000" : 880640,
            "10.000000" : 1794048,
            "20.000000" : 4227072,
            "30.000000" : 8847360,
            "40.000000" : 15794176,
            "50.000000" : 22151168,
            "60.000000" : 29491200,
            "70.000000" : 38010880,
            "80.000000" : 47972352,
            "90.000000" : 61603840,
            "95.000000" : 73924608,
            "99.000000" : 104333312,
            "99.500000" : 125304832,
            "99.900000" : 202375168,
            "99.950000" : 242221056,
            "99.990000" : 325058560
          }
        },
        "lat_ns" : {
          "min" : 106939,
          "max" : 2048330137,
          "mean" : 27923876.407942,
          "stddev" : 26414302.051832,
          "N" : 157650
        },
        "bw_min" : 5,
        "bw_max" : 4480,
        "bw_agg" : 99.966276,
        "bw_mean" : 110.226117,
        "bw_dev" : 192.240616,
        "bw_samples" : 11441,
        "iops_min" : 1,
        "iops_max" : 1120,
        "iops_mean" : 27.551700,
        "iops_stddev" : 48.061653,
        "iops_samples" : 11441
      },
      "trim" : {
        "io_bytes" : 0,
        "io_kbytes" : 0,
        "bw_bytes" : 0,
        "bw" : 0,
        "iops" : 0.000000,
        "runtime" : 0,
        "total_ios" : 0,
        "short_ios" : 0,
        "drop_ios" : 0,
        "slat_ns" : {
          "min" : 0,
          "max" : 0,
          "mean" : 0.000000,
          "stddev" : 0.000000,
          "N" : 0
        },
        "clat_ns" : {
          "min" : 0,
          "max" : 0,
          "mean" : 0.000000,
          "stddev" : 0.000000,
          "N" : 0
        },
        "lat_ns" : {
          "min" : 0,
          "max" : 0,
          "mean" : 0.000000,
          "stddev" : 0.000000,
          "N" : 0
        },
        "bw_min" : 0,
        "bw_max" : 0,
        "bw_agg" : 0.000000,
        "bw_mean" : 0.000000,
        "bw_dev" : 0.000000,
        "bw_samples" : 0,
        "iops_min" : 0,
        "iops_max" : 0,
        "iops_mean" : 0.000000,
        "iops_stddev" : 0.000000,
        "iops_samples" : 0
      },
      "sync" : {
        "total_ios" : 0,
        "lat_ns" : {
          "min" : 0,
          "max" : 0,
          "mean" : 0.000000,
          "stddev" : 0.000000,
          "N" : 0
        }
      },
      "job_runtime" : 5730753,
      "usr_cpu" : 0.121537,
      "sys_cpu" : 0.499044,
      "ctx" : 524511,
      "majf" : 0,
      "minf" : 14,
      "iodepth_level" : {
        "1" : 100.000000,
        "2" : 0.000000,
        "4" : 0.000000,
        "8" : 0.000000,
        "16" : 0.000000,
        "32" : 0.000000,
        ">=64" : 0.000000
      },
      "iodepth_submit" : {
        "0" : 0.000000,
        "4" : 100.000000,
        "8" : 0.000000,
        "16" : 0.000000,
        "32" : 0.000000,
        "64" : 0.000000,
        ">=64" : 0.000000
      },
      "iodepth_complete" : {
        "0" : 0.000000,
        "4" : 100.000000,
        "8" : 0.000000,
        "16" : 0.000000,
        "32" : 0.000000,
        "64" : 0.000000,
        ">=64" : 0.000000
      },
      "latency_ns" : {
        "2" : 0.000000,
        "4" : 0.000000,
        "10" : 0.000000,
        "20" : 0.000000,
        "50" : 0.000000,
        "100" : 0.000000,
        "250" : 0.000000,
        "500" : 0.000000,
        "750" : 0.000000,
        "1000" : 0.000000
      },
      "latency_us" : {
        "2" : 0.000000,
        "4" : 0.000000,
        "10" : 0.000000,
        "20" : 0.000000,
        "50" : 0.000000,
        "100" : 0.028229,
        "250" : 4.856300,
        "500" : 8.989525,
        "750" : 5.795479,
        "1000" : 4.503632
      },
      "latency_ms" : {
        "2" : 11.590004,
        "4" : 15.431023,
        "10" : 24.132538,
        "20" : 8.255005,
        "50" : 10.884476,
        "100" : 5.176735,
        "250" : 0.344276,
        "500" : 0.011635,
        "750" : 0.010000,
        "1000" : 0.000000,
        "2000" : 0.000000,
        ">=2000" : 0.010000
      },
      "latency_depth" : 1,
      "latency_target" : 0,
      "latency_percentile" : 100.000000,
      "latency_window" : 0
    }
  ]
}
