{
  "fio version" : "fio-3.36",
  "timestamp" : 1777358878,
  "timestamp_ms" : 1777358878576,
  "time" : "Tue Apr 28 06:47:58 2026",
  "global options" : {
    "ioengine" : "psync",
    "direct" : "0",
    "group_reporting" : "1",
    "time_based" : "0",
    "runtime" : "0"
  },
  "jobs" : [
    {
      "jobname" : "seq-read",
      "groupid" : 0,
      "job_start" : 1777358827772,
      "error" : 0,
      "eta" : 0,
      "elapsed" : 51,
      "job options" : {
        "rw" : "read",
        "bs" : "1M",
        "size" : "4G",
        "numjobs" : "1",
        "filename" : "/mnt/s3fs/seq-read.bin"
      },
      "read" : {
        "io_bytes" : 4294967296,
        "io_kbytes" : 4194304,
        "bw_bytes" : 84621560,
        "bw" : 82638,
        "iops" : 80.701409,
        "runtime" : 50755,
        "total_ios" : 4096,
        "short_ios" : 0,
        "drop_ios" : 0,
        "slat_ns" : {
          "min" : 0,
          "max" : 0,
          "mean" : 0.000000,
          "stddev" : 0.000000,
          "N" : 0
        },
        "clat_ns" : {
          "min" : 545307,
          "max" : 6928367337,
          "mean" : 12376817.604248,
          "stddev" : 147994907.107018,
          "N" : 4096,
          "percentile" : {
            "1.000000" : 692224,
            "5.000000" : 798720,
            "10.000000" : 864256,
            "20.000000" : 962560,
            "30.000000" : 1056768,
            "40.000000" : 1155072,
            "50.000000" : 1253376,
            "60.000000" : 1368064,
            "70.000000" : 1548288,
            "80.000000" : 1843200,
            "90.000000" : 2998272,
            "95.000000" : 8159232,
            "99.000000" : 333447168,
            "99.500000" : 455081984,
            "99.900000" : 734003200,
            "99.950000" : 3036676096,
            "99.990000" : 6945767424
          }
        },
        "lat_ns" : {
          "min" : 545607,
          "max" : 6928367936,
          "mean" : 12377474.010498,
          "stddev" : 147994901.640162,
          "N" : 4096
        },
        "bw_min" : 2048,
        "bw_max" : 286720,
        "bw_agg" : 100.000000,
        "bw_mean" : 114992.222222,
        "bw_dev" : 56601.654322,
        "bw_samples" : 72,
        "iops_min" : 2,
        "iops_max" : 280,
        "iops_mean" : 112.166667,
        "iops_stddev" : 55.327196,
        "iops_samples" : 72
      },
      "write" : {
        "io_bytes" : 0,
        "io_kbytes" : 0,
        "bw_bytes" : 0,
        "bw" : 0,
        "iops" : 0.000000,
        "runtime" : 0,
        "total_ios" : 0,
        "short_ios" : 0,
        "drop_ios" : 0,
        "slat_ns" : {
          "min" : 0,
          "max" : 0,
          "mean" : 0.000000,
          "stddev" : 0.000000,
          "N" : 0
        },
        "clat_ns" : {
          "min" : 0,
          "max" : 0,
          "mean" : 0.000000,
          "stddev" : 0.000000,
          "N" : 0
        },
        "lat_ns" : {
          "min" : 0,
          "max" : 0,
          "mean" : 0.000000,
          "stddev" : 0.000000,
          "N" : 0
        },
        "bw_min" : 0,
        "bw_max" : 0,
        "bw_agg" : 0.000000,
        "bw_mean" : 0.000000,
        "bw_dev" : 0.000000,
        "bw_samples" : 0,
        "iops_min" : 0,
        "iops_max" : 0,
        "iops_mean" : 0.000000,
        "iops_stddev" : 0.000000,
        "iops_samples" : 0
      },
      "trim" : {
        "io_bytes" : 0,
        "io_kbytes" : 0,
        "bw_bytes" : 0,
        "bw" : 0,
        "iops" : 0.000000,
        "runtime" : 0,
        "total_ios" : 0,
        "short_ios" : 0,
        "drop_ios" : 0,
        "slat_ns" : {
          "min" : 0,
          "max" : 0,
          "mean" : 0.000000,
          "stddev" : 0.000000,
          "N" : 0
        },
        "clat_ns" : {
          "min" : 0,
          "max" : 0,
          "mean" : 0.000000,
          "stddev" : 0.000000,
          "N" : 0
        },
        "lat_ns" : {
          "min" : 0,
          "max" : 0,
          "mean" : 0.000000,
          "stddev" : 0.000000,
          "N" : 0
        },
        "bw_min" : 0,
        "bw_max" : 0,
        "bw_agg" : 0.000000,
        "bw_mean" : 0.000000,
        "bw_dev" : 0.000000,
        "bw_samples" : 0,
        "iops_min" : 0,
        "iops_max" : 0,
        "iops_mean" : 0.000000,
        "iops_stddev" : 0.000000,
        "iops_samples" : 0
      },
      "sync" : {
        "total_ios" : 0,
        "lat_ns" : {
          "min" : 0,
          "max" : 0,
          "mean" : 0.000000,
          "stddev" : 0.000000,
          "N" : 0
        }
      },
      "job_runtime" : 50754,
      "usr_cpu" : 0.078812,
      "sys_cpu" : 8.734287,
      "ctx" : 10253,
      "majf" : 0,
      "minf" : 268,
      "iodepth_level" : {
        "1" : 100.000000,
        "2" : 0.000000,
        "4" : 0.000000,
        "8" : 0.000000,
        "16" : 0.000000,
        "32" : 0.000000,
        ">=64" : 0.000000
      },
      "iodepth_submit" : {
        "0" : 0.000000,
        "4" : 100.000000,
        "8" : 0.000000,
        "16" : 0.000000,
        "32" : 0.000000,
        "64" : 0.000000,
        ">=64" : 0.000000
      },
      "iodepth_complete" : {
        "0" : 0.000000,
        "4" : 100.000000,
        "8" : 0.000000,
        "16" : 0.000000,
        "32" : 0.000000,
        "64" : 0.000000,
        ">=64" : 0.000000
      },
      "latency_ns" : {
        "2" : 0.000000,
        "4" : 0.000000,
        "10" : 0.000000,
        "20" : 0.000000,
        "50" : 0.000000,
        "100" : 0.000000,
        "250" : 0.000000,
        "500" : 0.000000,
        "750" : 0.000000,
        "1000" : 0.000000
      },
      "latency_us" : {
        "2" : 0.000000,
        "4" : 0.000000,
        "10" : 0.000000,
        "20" : 0.000000,
        "50" : 0.000000,
        "100" : 0.000000,
        "250" : 0.000000,
        "500" : 0.000000,
        "750" : 2.709961,
        "1000" : 20.776367
      },
      "latency_ms" : {
        "2" : 59.765625,
        "4" : 8.959961,
        "10" : 3.588867,
        "20" : 1.049805,
        "50" : 0.659180,
        "100" : 0.390625,
        "250" : 0.708008,
        "500" : 1.049805,
        "750" : 0.244141,
        "1000" : 0.024414,
        "2000" : 0.000000,
        ">=2000" : 0.073242
      },
      "latency_depth" : 1,
      "latency_target" : 0,
      "latency_percentile" : 100.000000,
      "latency_window" : 0
    }
  ]
}
