{
  "fio version" : "fio-3.36",
  "timestamp" : 1777471053,
  "timestamp_ms" : 1777471053824,
  "time" : "Wed Apr 29 13:57:33 2026",
  "global options" : {
    "ioengine" : "psync",
    "direct" : "0",
    "group_reporting" : "1",
    "time_based" : "1",
    "runtime" : "60",
    "ramp_time" : "5"
  },
  "jobs" : [
    {
      "jobname" : "concurrent-mixed",
      "groupid" : 0,
      "job_start" : 1777470993778,
      "error" : 0,
      "eta" : 0,
      "elapsed" : 66,
      "job options" : {
        "rw" : "randrw",
        "rwmixread" : "70",
        "bs" : "64k",
        "size" : "128m",
        "numjobs" : "1",
        "nrfiles" : "1",
        "directory" : "/mnt/rclone",
        "filename_format" : "conc.$jobnum.bin"
      },
      "read" : {
        "io_bytes" : 6788677632,
        "io_kbytes" : 6629568,
        "bw_bytes" : 113142741,
        "bw" : 110490,
        "iops" : 1726.421226,
        "runtime" : 60001,
        "total_ios" : 103587,
        "short_ios" : 0,
        "drop_ios" : 0,
        "slat_ns" : {
          "min" : 0,
          "max" : 0,
          "mean" : 0.000000,
          "stddev" : 0.000000,
          "N" : 0
        },
        "clat_ns" : {
          "min" : 150371,
          "max" : 17313275,
          "mean" : 398904.718362,
          "stddev" : 226362.795578,
          "N" : 103587,
          "percentile" : {
            "1.000000" : 246784,
            "5.000000" : 284672,
            "10.000000" : 305152,
            "20.000000" : 329728,
            "30.000000" : 346112,
            "40.000000" : 358400,
            "50.000000" : 374784,
            "60.000000" : 387072,
            "70.000000" : 403456,
            "80.000000" : 419840,
            "90.000000" : 456704,
            "95.000000" : 514048,
            "99.000000" : 1220608,
            "99.500000" : 1597440,
            "99.900000" : 2539520,
            "99.950000" : 3653632,
            "99.990000" : 8093696
          }
        },
        "lat_ns" : {
          "min" : 150571,
          "max" : 17313575,
          "mean" : 399162.821049,
          "stddev" : 226414.457049,
          "N" : 103587
        },
        "bw_min" : 87424,
        "bw_max" : 137984,
        "bw_agg" : 100.000000,
        "bw_mean" : 110657.470588,
        "bw_dev" : 8143.525986,
        "bw_samples" : 119,
        "iops_min" : 1366,
        "iops_max" : 2156,
        "iops_mean" : 1729.008403,
        "iops_stddev" : 127.233836,
        "iops_samples" : 119
      },
      "write" : {
        "io_bytes" : 2902261760,
        "io_kbytes" : 2834240,
        "bw_bytes" : 48370223,
        "bw" : 47236,
        "iops" : 738.071032,
        "runtime" : 60001,
        "total_ios" : 44285,
        "short_ios" : 0,
        "drop_ios" : 0,
        "slat_ns" : {
          "min" : 0,
          "max" : 0,
          "mean" : 0.000000,
          "stddev" : 0.000000,
          "N" : 0
        },
        "clat_ns" : {
          "min" : 156928,
          "max" : 16446909,
          "mean" : 379846.890143,
          "stddev" : 207742.339341,
          "N" : 44285,
          "percentile" : {
            "1.000000" : 244736,
            "5.000000" : 280576,
            "10.000000" : 296960,
            "20.000000" : 321536,
            "30.000000" : 337920,
            "40.000000" : 350208,
            "50.000000" : 362496,
            "60.000000" : 374784,
            "70.000000" : 391168,
            "80.000000" : 407552,
            "90.000000" : 436224,
            "95.000000" : 473088,
            "99.000000" : 962560,
            "99.500000" : 1187840,
            "99.900000" : 1941504,
            "99.950000" : 2965504,
            "99.990000" : 10813440
          }
        },
        "lat_ns" : {
          "min" : 158127,
          "max" : 16451505,
          "mean" : 381017.537564,
          "stddev" : 207819.560670,
          "N" : 44285
        },
        "bw_min" : 34944,
        "bw_max" : 62848,
        "bw_agg" : 100.000000,
        "bw_mean" : 47279.201681,
        "bw_dev" : 4172.657698,
        "bw_samples" : 119,
        "iops_min" : 546,
        "iops_max" : 982,
        "iops_mean" : 738.722689,
        "iops_stddev" : 65.187594,
        "iops_samples" : 119
      },
      "trim" : {
        "io_bytes" : 0,
        "io_kbytes" : 0,
        "bw_bytes" : 0,
        "bw" : 0,
        "iops" : 0.000000,
        "runtime" : 0,
        "total_ios" : 0,
        "short_ios" : 0,
        "drop_ios" : 0,
        "slat_ns" : {
          "min" : 0,
          "max" : 0,
          "mean" : 0.000000,
          "stddev" : 0.000000,
          "N" : 0
        },
        "clat_ns" : {
          "min" : 0,
          "max" : 0,
          "mean" : 0.000000,
          "stddev" : 0.000000,
          "N" : 0
        },
        "lat_ns" : {
          "min" : 0,
          "max" : 0,
          "mean" : 0.000000,
          "stddev" : 0.000000,
          "N" : 0
        },
        "bw_min" : 0,
        "bw_max" : 0,
        "bw_agg" : 0.000000,
        "bw_mean" : 0.000000,
        "bw_dev" : 0.000000,
        "bw_samples" : 0,
        "iops_min" : 0,
        "iops_max" : 0,
        "iops_mean" : 0.000000,
        "iops_stddev" : 0.000000,
        "iops_samples" : 0
      },
      "sync" : {
        "total_ios" : 0,
        "lat_ns" : {
          "min" : 0,
          "max" : 0,
          "mean" : 0.000000,
          "stddev" : 0.000000,
          "N" : 0
        }
      },
      "job_runtime" : 60000,
      "usr_cpu" : 1.890000,
      "sys_cpu" : 18.033333,
      "ctx" : 148555,
      "majf" : 0,
      "minf" : 36,
      "iodepth_level" : {
        "1" : 100.000000,
        "2" : 0.000000,
        "4" : 0.000000,
        "8" : 0.000000,
        "16" : 0.000000,
        "32" : 0.000000,
        ">=64" : 0.000000
      },
      "iodepth_submit" : {
        "0" : 0.000000,
        "4" : 100.000000,
        "8" : 0.000000,
        "16" : 0.000000,
        "32" : 0.000000,
        "64" : 0.000000,
        ">=64" : 0.000000
      },
      "iodepth_complete" : {
        "0" : 0.000000,
        "4" : 100.000000,
        "8" : 0.000000,
        "16" : 0.000000,
        "32" : 0.000000,
        "64" : 0.000000,
        ">=64" : 0.000000
      },
      "latency_ns" : {
        "2" : 0.000000,
        "4" : 0.000000,
        "10" : 0.000000,
        "20" : 0.000000,
        "50" : 0.000000,
        "100" : 0.000000,
        "250" : 0.000000,
        "500" : 0.000000,
        "750" : 0.000000,
        "1000" : 0.000000
      },
      "latency_us" : {
        "2" : 0.000000,
        "4" : 0.000000,
        "10" : 0.000000,
        "20" : 0.000000,
        "50" : 0.000000,
        "100" : 0.000000,
        "250" : 1.242291,
        "500" : 93.739180,
        "750" : 2.978928,
        "1000" : 0.717512
      },
      "latency_ms" : {
        "2" : 1.172636,
        "4" : 0.110907,
        "10" : 0.030432,
        "20" : 0.010000,
        "50" : 0.000000,
        "100" : 0.000000,
        "250" : 0.000000,
        "500" : 0.000000,
        "750" : 0.000000,
        "1000" : 0.000000,
        "2000" : 0.000000,
        ">=2000" : 0.000000
      },
      "latency_depth" : 1,
      "latency_target" : 0,
      "latency_percentile" : 100.000000,
      "latency_window" : 0
    }
  ]
}
