{
  "fio version" : "fio-3.36",
  "timestamp" : 1777471583,
  "timestamp_ms" : 1777471583281,
  "time" : "Wed Apr 29 14:06:23 2026",
  "global options" : {
    "ioengine" : "psync",
    "direct" : "0",
    "group_reporting" : "1",
    "time_based" : "1",
    "runtime" : "60",
    "ramp_time" : "5"
  },
  "jobs" : [
    {
      "jobname" : "concurrent-mixed",
      "groupid" : 0,
      "job_start" : 1777471523150,
      "error" : 0,
      "eta" : 0,
      "elapsed" : 66,
      "job options" : {
        "rw" : "randrw",
        "rwmixread" : "70",
        "bs" : "64k",
        "size" : "128m",
        "numjobs" : "20",
        "nrfiles" : "1",
        "directory" : "/mnt/rclone",
        "filename_format" : "conc.$jobnum.bin"
      },
      "read" : {
        "io_bytes" : 20936589312,
        "io_kbytes" : 20445888,
        "bw_bytes" : 348577149,
        "bw" : 340407,
        "iops" : 5318.865192,
        "runtime" : 60063,
        "total_ios" : 319467,
        "short_ios" : 0,
        "drop_ios" : 0,
        "slat_ns" : {
          "min" : 0,
          "max" : 0,
          "mean" : 0.000000,
          "stddev" : 0.000000,
          "N" : 0
        },
        "clat_ns" : {
          "min" : 198337,
          "max" : 1342149557,
          "mean" : 2688166.115480,
          "stddev" : 9417020.906155,
          "N" : 319467,
          "percentile" : {
            "1.000000" : 419840,
            "5.000000" : 585728,
            "10.000000" : 716800,
            "20.000000" : 946176,
            "30.000000" : 1171456,
            "40.000000" : 1433600,
            "50.000000" : 1761280,
            "60.000000" : 2146304,
            "70.000000" : 2670592,
            "80.000000" : 3489792,
            "90.000000" : 5144576,
            "95.000000" : 7176192,
            "99.000000" : 14090240,
            "99.500000" : 18219008,
            "99.900000" : 35913728,
            "99.950000" : 69730304,
            "99.990000" : 329252864
          }
        },
        "lat_ns" : {
          "min" : 198536,
          "max" : 1342149857,
          "mean" : 2688734.395440,
          "stddev" : 9417066.530793,
          "N" : 319467
        },
        "bw_min" : 64792,
        "bw_max" : 742157,
        "bw_agg" : 100.000000,
        "bw_mean" : 349688.620690,
        "bw_dev" : 5964.717593,
        "bw_samples" : 2320,
        "iops_min" : 1007,
        "iops_max" : 11586,
        "iops_mean" : 5459.629310,
        "iops_stddev" : 93.214086,
        "iops_samples" : 2320
      },
      "write" : {
        "io_bytes" : 9001107456,
        "io_kbytes" : 8790144,
        "bw_bytes" : 149861103,
        "bw" : 146348,
        "iops" : 2286.698966,
        "runtime" : 60063,
        "total_ios" : 137346,
        "short_ios" : 0,
        "drop_ios" : 0,
        "slat_ns" : {
          "min" : 0,
          "max" : 0,
          "mean" : 0.000000,
          "stddev" : 0.000000,
          "N" : 0
        },
        "clat_ns" : {
          "min" : 153341,
          "max" : 1339059357,
          "mean" : 2391274.942110,
          "stddev" : 14814551.604823,
          "N" : 137346,
          "percentile" : {
            "1.000000" : 362496,
            "5.000000" : 489472,
            "10.000000" : 593920,
            "20.000000" : 765952,
            "30.000000" : 937984,
            "40.000000" : 1138688,
            "50.000000" : 1384448,
            "60.000000" : 1679360,
            "70.000000" : 2088960,
            "80.000000" : 2703360,
            "90.000000" : 4014080,
            "95.000000" : 5734400,
            "99.000000" : 13041664,
            "99.500000" : 18481152,
            "99.900000" : 77070336,
            "99.950000" : 110624768,
            "99.990000" : 683671552
          }
        },
        "lat_ns" : {
          "min" : 155137,
          "max" : 1339060654,
          "mean" : 2394686.305302,
          "stddev" : 14814664.833905,
          "N" : 137346
        },
        "bw_min" : 27318,
        "bw_max" : 327923,
        "bw_agg" : 100.000000,
        "bw_mean" : 150327.810345,
        "bw_dev" : 2696.313375,
        "bw_samples" : 2320,
        "iops_min" : 422,
        "iops_max" : 5117,
        "iops_mean" : 2345.137931,
        "iops_stddev" : 42.156580,
        "iops_samples" : 2320
      },
      "trim" : {
        "io_bytes" : 0,
        "io_kbytes" : 0,
        "bw_bytes" : 0,
        "bw" : 0,
        "iops" : 0.000000,
        "runtime" : 0,
        "total_ios" : 0,
        "short_ios" : 0,
        "drop_ios" : 0,
        "slat_ns" : {
          "min" : 0,
          "max" : 0,
          "mean" : 0.000000,
          "stddev" : 0.000000,
          "N" : 0
        },
        "clat_ns" : {
          "min" : 0,
          "max" : 0,
          "mean" : 0.000000,
          "stddev" : 0.000000,
          "N" : 0
        },
        "lat_ns" : {
          "min" : 0,
          "max" : 0,
          "mean" : 0.000000,
          "stddev" : 0.000000,
          "N" : 0
        },
        "bw_min" : 0,
        "bw_max" : 0,
        "bw_agg" : 0.000000,
        "bw_mean" : 0.000000,
        "bw_dev" : 0.000000,
        "bw_samples" : 0,
        "iops_min" : 0,
        "iops_max" : 0,
        "iops_mean" : 0.000000,
        "iops_stddev" : 0.000000,
        "iops_samples" : 0
      },
      "sync" : {
        "total_ios" : 0,
        "lat_ns" : {
          "min" : 0,
          "max" : 0,
          "mean" : 0.000000,
          "stddev" : 0.000000,
          "N" : 0
        }
      },
      "job_runtime" : 1200216,
      "usr_cpu" : 0.732368,
      "sys_cpu" : 5.672146,
      "ctx" : 627798,
      "majf" : 0,
      "minf" : 729,
      "iodepth_level" : {
        "1" : 100.000000,
        "2" : 0.000000,
        "4" : 0.000000,
        "8" : 0.000000,
        "16" : 0.000000,
        "32" : 0.000000,
        ">=64" : 0.000000
      },
      "iodepth_submit" : {
        "0" : 0.000000,
        "4" : 100.000000,
        "8" : 0.000000,
        "16" : 0.000000,
        "32" : 0.000000,
        "64" : 0.000000,
        ">=64" : 0.000000
      },
      "iodepth_complete" : {
        "0" : 0.000000,
        "4" : 100.000000,
        "8" : 0.000000,
        "16" : 0.000000,
        "32" : 0.000000,
        "64" : 0.000000,
        ">=64" : 0.000000
      },
      "latency_ns" : {
        "2" : 0.000000,
        "4" : 0.000000,
        "10" : 0.000000,
        "20" : 0.000000,
        "50" : 0.000000,
        "100" : 0.000000,
        "250" : 0.000000,
        "500" : 0.000000,
        "750" : 0.000000,
        "1000" : 0.000000
      },
      "latency_us" : {
        "2" : 0.000000,
        "4" : 0.000000,
        "10" : 0.000000,
        "20" : 0.000000,
        "50" : 0.000000,
        "100" : 0.000000,
        "250" : 0.023642,
        "500" : 3.480855,
        "750" : 10.268972,
        "1000" : 11.923916
      },
      "latency_ms" : {
        "2" : 34.319733,
        "4" : 25.886741,
        "10" : 11.914065,
        "20" : 1.772936,
        "50" : 0.313038,
        "100" : 0.063045,
        "250" : 0.015761,
        "500" : 0.010000,
        "750" : 0.010000,
        "1000" : 0.000000,
        "2000" : 0.010000,
        ">=2000" : 0.000000
      },
      "latency_depth" : 1,
      "latency_target" : 0,
      "latency_percentile" : 100.000000,
      "latency_window" : 0
    }
  ]
}
