{
  "fio version" : "fio-3.36",
  "timestamp" : 1777471367,
  "timestamp_ms" : 1777471367692,
  "time" : "Wed Apr 29 14:02:47 2026",
  "global options" : {
    "ioengine" : "psync",
    "direct" : "0",
    "group_reporting" : "1",
    "time_based" : "1",
    "runtime" : "60",
    "ramp_time" : "5"
  },
  "jobs" : [
    {
      "jobname" : "concurrent-mixed",
      "groupid" : 0,
      "job_start" : 1777471307605,
      "error" : 0,
      "eta" : 0,
      "elapsed" : 66,
      "job options" : {
        "rw" : "randrw",
        "rwmixread" : "70",
        "bs" : "64k",
        "size" : "128m",
        "numjobs" : "10",
        "nrfiles" : "1",
        "directory" : "/mnt/rclone",
        "filename_format" : "conc.$jobnum.bin"
      },
      "read" : {
        "io_bytes" : 26169835520,
        "io_kbytes" : 25556480,
        "bw_bytes" : 436142118,
        "bw" : 425920,
        "iops" : 6655.000583,
        "runtime" : 60003,
        "total_ios" : 399320,
        "short_ios" : 0,
        "drop_ios" : 0,
        "slat_ns" : {
          "min" : 0,
          "max" : 0,
          "mean" : 0.000000,
          "stddev" : 0.000000,
          "N" : 0
        },
        "clat_ns" : {
          "min" : 126040,
          "max" : 128433786,
          "mean" : 1056377.403591,
          "stddev" : 1643409.532542,
          "N" : 399320,
          "percentile" : {
            "1.000000" : 296960,
            "5.000000" : 362496,
            "10.000000" : 407552,
            "20.000000" : 481280,
            "30.000000" : 552960,
            "40.000000" : 626688,
            "50.000000" : 724992,
            "60.000000" : 856064,
            "70.000000" : 1044480,
            "80.000000" : 1335296,
            "90.000000" : 1892352,
            "95.000000" : 2572288,
            "99.000000" : 5472256,
            "99.500000" : 7503872,
            "99.900000" : 15138816,
            "99.950000" : 19267584,
            "99.990000" : 87556096
          }
        },
        "lat_ns" : {
          "min" : 126339,
          "max" : 128434185,
          "mean" : 1056815.988994,
          "stddev" : 1643448.167467,
          "N" : 399320
        },
        "bw_min" : 180243,
        "bw_max" : 638848,
        "bw_agg" : 100.000000,
        "bw_mean" : 426085.445378,
        "bw_dev" : 9561.369710,
        "bw_samples" : 1190,
        "iops_min" : 2812,
        "iops_max" : 9982,
        "iops_mean" : 6656.159664,
        "iops_stddev" : 149.430418,
        "iops_samples" : 1190
      },
      "write" : {
        "io_bytes" : 11223433216,
        "io_kbytes" : 10960384,
        "bw_bytes" : 187047867,
        "bw" : 182663,
        "iops" : 2854.123960,
        "runtime" : 60003,
        "total_ios" : 171256,
        "short_ios" : 0,
        "drop_ios" : 0,
        "slat_ns" : {
          "min" : 0,
          "max" : 0,
          "mean" : 0.000000,
          "stddev" : 0.000000,
          "N" : 0
        },
        "clat_ns" : {
          "min" : 114454,
          "max" : 125188907,
          "mean" : 961602.260750,
          "stddev" : 2181575.313622,
          "N" : 171256,
          "percentile" : {
            "1.000000" : 264192,
            "5.000000" : 325632,
            "10.000000" : 366592,
            "20.000000" : 432128,
            "30.000000" : 489472,
            "40.000000" : 561152,
            "50.000000" : 643072,
            "60.000000" : 749568,
            "70.000000" : 913408,
            "80.000000" : 1171456,
            "90.000000" : 1662976,
            "95.000000" : 2277376,
            "99.000000" : 4947968,
            "99.500000" : 7176192,
            "99.900000" : 16908288,
            "99.950000" : 21102592,
            "99.990000" : 116916224
          }
        },
        "lat_ns" : {
          "min" : 115953,
          "max" : 125190204,
          "mean" : 964084.987300,
          "stddev" : 2181865.689591,
          "N" : 171256
        },
        "bw_min" : 72759,
        "bw_max" : 287872,
        "bw_agg" : 100.000000,
        "bw_mean" : 182754.352941,
        "bw_dev" : 4241.850545,
        "bw_samples" : 1190,
        "iops_min" : 1134,
        "iops_max" : 4498,
        "iops_mean" : 2853.924370,
        "iops_stddev" : 66.296982,
        "iops_samples" : 1190
      },
      "trim" : {
        "io_bytes" : 0,
        "io_kbytes" : 0,
        "bw_bytes" : 0,
        "bw" : 0,
        "iops" : 0.000000,
        "runtime" : 0,
        "total_ios" : 0,
        "short_ios" : 0,
        "drop_ios" : 0,
        "slat_ns" : {
          "min" : 0,
          "max" : 0,
          "mean" : 0.000000,
          "stddev" : 0.000000,
          "N" : 0
        },
        "clat_ns" : {
          "min" : 0,
          "max" : 0,
          "mean" : 0.000000,
          "stddev" : 0.000000,
          "N" : 0
        },
        "lat_ns" : {
          "min" : 0,
          "max" : 0,
          "mean" : 0.000000,
          "stddev" : 0.000000,
          "N" : 0
        },
        "bw_min" : 0,
        "bw_max" : 0,
        "bw_agg" : 0.000000,
        "bw_mean" : 0.000000,
        "bw_dev" : 0.000000,
        "bw_samples" : 0,
        "iops_min" : 0,
        "iops_max" : 0,
        "iops_mean" : 0.000000,
        "iops_stddev" : 0.000000,
        "iops_samples" : 0
      },
      "sync" : {
        "total_ios" : 0,
        "lat_ns" : {
          "min" : 0,
          "max" : 0,
          "mean" : 0.000000,
          "stddev" : 0.000000,
          "N" : 0
        }
      },
      "job_runtime" : 600002,
      "usr_cpu" : 1.437662,
      "sys_cpu" : 9.723134,
      "ctx" : 582383,
      "majf" : 0,
      "minf" : 366,
      "iodepth_level" : {
        "1" : 100.000000,
        "2" : 0.000000,
        "4" : 0.000000,
        "8" : 0.000000,
        "16" : 0.000000,
        "32" : 0.000000,
        ">=64" : 0.000000
      },
      "iodepth_submit" : {
        "0" : 0.000000,
        "4" : 100.000000,
        "8" : 0.000000,
        "16" : 0.000000,
        "32" : 0.000000,
        "64" : 0.000000,
        ">=64" : 0.000000
      },
      "iodepth_complete" : {
        "0" : 0.000000,
        "4" : 100.000000,
        "8" : 0.000000,
        "16" : 0.000000,
        "32" : 0.000000,
        "64" : 0.000000,
        ">=64" : 0.000000
      },
      "latency_ns" : {
        "2" : 0.000000,
        "4" : 0.000000,
        "10" : 0.000000,
        "20" : 0.000000,
        "50" : 0.000000,
        "100" : 0.000000,
        "250" : 0.000000,
        "500" : 0.000000,
        "750" : 0.000000,
        "1000" : 0.000000
      },
      "latency_us" : {
        "2" : 0.000000,
        "4" : 0.000000,
        "10" : 0.000000,
        "20" : 0.000000,
        "50" : 0.000000,
        "100" : 0.000000,
        "250" : 0.281820,
        "500" : 25.126539,
        "750" : 28.986147,
        "1000" : 15.387433
      },
      "latency_ms" : {
        "2" : 21.979719,
        "4" : 6.461716,
        "10" : 1.515661,
        "20" : 0.213293,
        "50" : 0.025763,
        "100" : 0.013320,
        "250" : 0.010000,
        "500" : 0.000000,
        "750" : 0.000000,
        "1000" : 0.000000,
        "2000" : 0.000000,
        ">=2000" : 0.000000
      },
      "latency_depth" : 1,
      "latency_target" : 0,
      "latency_percentile" : 100.000000,
      "latency_window" : 0
    }
  ]
}
