{
  "fio version" : "fio-3.36",
  "timestamp" : 1777471197,
  "timestamp_ms" : 1777471197224,
  "time" : "Wed Apr 29 13:59:57 2026",
  "global options" : {
    "ioengine" : "psync",
    "direct" : "0",
    "group_reporting" : "1",
    "time_based" : "1",
    "runtime" : "60",
    "ramp_time" : "5"
  },
  "jobs" : [
    {
      "jobname" : "concurrent-mixed",
      "groupid" : 0,
      "job_start" : 1777471137175,
      "error" : 0,
      "eta" : 0,
      "elapsed" : 66,
      "job options" : {
        "rw" : "randrw",
        "rwmixread" : "70",
        "bs" : "64k",
        "size" : "128m",
        "numjobs" : "5",
        "nrfiles" : "1",
        "directory" : "/mnt/rclone",
        "filename_format" : "conc.$jobnum.bin"
      },
      "read" : {
        "io_bytes" : 20485636096,
        "io_kbytes" : 20005504,
        "bw_bytes" : 341421577,
        "bw" : 333419,
        "iops" : 5209.679839,
        "runtime" : 60001,
        "total_ios" : 312586,
        "short_ios" : 0,
        "drop_ios" : 0,
        "slat_ns" : {
          "min" : 0,
          "max" : 0,
          "mean" : 0.000000,
          "stddev" : 0.000000,
          "N" : 0
        },
        "clat_ns" : {
          "min" : 148194,
          "max" : 47646818,
          "mean" : 666855.396160,
          "stddev" : 629934.758060,
          "N" : 312586,
          "percentile" : {
            "1.000000" : 280576,
            "5.000000" : 329728,
            "10.000000" : 358400,
            "20.000000" : 399360,
            "30.000000" : 432128,
            "40.000000" : 464896,
            "50.000000" : 501760,
            "60.000000" : 552960,
            "70.000000" : 626688,
            "80.000000" : 765952,
            "90.000000" : 1089536,
            "95.000000" : 1531904,
            "99.000000" : 2867200,
            "99.500000" : 3522560,
            "99.900000" : 7503872,
            "99.950000" : 10682368,
            "99.990000" : 17956864
          }
        },
        "lat_ns" : {
          "min" : 148395,
          "max" : 47647118,
          "mean" : 667227.881086,
          "stddev" : 629956.138549,
          "N" : 312586
        },
        "bw_min" : 221150,
        "bw_max" : 443693,
        "bw_agg" : 99.988150,
        "bw_mean" : 333380.831933,
        "bw_dev" : 9160.224844,
        "bw_samples" : 595,
        "iops_min" : 3454,
        "iops_max" : 6932,
        "iops_mean" : 5208.369748,
        "iops_stddev" : 143.210093,
        "iops_samples" : 595
      },
      "write" : {
        "io_bytes" : 8801157120,
        "io_kbytes" : 8594880,
        "bw_bytes" : 146683507,
        "bw" : 143245,
        "iops" : 2238.212696,
        "runtime" : 60001,
        "total_ios" : 134295,
        "short_ios" : 0,
        "drop_ios" : 0,
        "slat_ns" : {
          "min" : 0,
          "max" : 0,
          "mean" : 0.000000,
          "stddev" : 0.000000,
          "N" : 0
        },
        "clat_ns" : {
          "min" : 139893,
          "max" : 21874851,
          "mean" : 612915.749261,
          "stddev" : 571588.848714,
          "N" : 134295,
          "percentile" : {
            "1.000000" : 252928,
            "5.000000" : 305152,
            "10.000000" : 333824,
            "20.000000" : 370688,
            "30.000000" : 403456,
            "40.000000" : 432128,
            "50.000000" : 464896,
            "60.000000" : 509952,
            "70.000000" : 577536,
            "80.000000" : 692224,
            "90.000000" : 987136,
            "95.000000" : 1400832,
            "99.000000" : 2670592,
            "99.500000" : 3293184,
            "99.900000" : 6782976,
            "99.950000" : 10420224,
            "99.990000" : 17170432
          }
        },
        "lat_ns" : {
          "min" : 142389,
          "max" : 21876548,
          "mean" : 614998.657329,
          "stddev" : 571848.784996,
          "N" : 134295
        },
        "bw_min" : 92432,
        "bw_max" : 196096,
        "bw_agg" : 99.950007,
        "bw_mean" : 143174.932773,
        "bw_dev" : 4135.487559,
        "bw_samples" : 595,
        "iops_min" : 1442,
        "iops_max" : 3064,
        "iops_mean" : 2236.151261,
        "iops_stddev" : 64.703966,
        "iops_samples" : 595
      },
      "trim" : {
        "io_bytes" : 0,
        "io_kbytes" : 0,
        "bw_bytes" : 0,
        "bw" : 0,
        "iops" : 0.000000,
        "runtime" : 0,
        "total_ios" : 0,
        "short_ios" : 0,
        "drop_ios" : 0,
        "slat_ns" : {
          "min" : 0,
          "max" : 0,
          "mean" : 0.000000,
          "stddev" : 0.000000,
          "N" : 0
        },
        "clat_ns" : {
          "min" : 0,
          "max" : 0,
          "mean" : 0.000000,
          "stddev" : 0.000000,
          "N" : 0
        },
        "lat_ns" : {
          "min" : 0,
          "max" : 0,
          "mean" : 0.000000,
          "stddev" : 0.000000,
          "N" : 0
        },
        "bw_min" : 0,
        "bw_max" : 0,
        "bw_agg" : 0.000000,
        "bw_mean" : 0.000000,
        "bw_dev" : 0.000000,
        "bw_samples" : 0,
        "iops_min" : 0,
        "iops_max" : 0,
        "iops_mean" : 0.000000,
        "iops_stddev" : 0.000000,
        "iops_samples" : 0
      },
      "sync" : {
        "total_ios" : 0,
        "lat_ns" : {
          "min" : 0,
          "max" : 0,
          "mean" : 0.000000,
          "stddev" : 0.000000,
          "N" : 0
        }
      },
      "job_runtime" : 300000,
      "usr_cpu" : 1.736333,
      "sys_cpu" : 14.416000,
      "ctx" : 451194,
      "majf" : 0,
      "minf" : 182,
      "iodepth_level" : {
        "1" : 100.000000,
        "2" : 0.000000,
        "4" : 0.000000,
        "8" : 0.000000,
        "16" : 0.000000,
        "32" : 0.000000,
        ">=64" : 0.000000
      },
      "iodepth_submit" : {
        "0" : 0.000000,
        "4" : 100.000000,
        "8" : 0.000000,
        "16" : 0.000000,
        "32" : 0.000000,
        "64" : 0.000000,
        ">=64" : 0.000000
      },
      "iodepth_complete" : {
        "0" : 0.000000,
        "4" : 100.000000,
        "8" : 0.000000,
        "16" : 0.000000,
        "32" : 0.000000,
        "64" : 0.000000,
        ">=64" : 0.000000
      },
      "latency_ns" : {
        "2" : 0.000000,
        "4" : 0.000000,
        "10" : 0.000000,
        "20" : 0.000000,
        "50" : 0.000000,
        "100" : 0.000000,
        "250" : 0.000000,
        "500" : 0.000000,
        "750" : 0.000000,
        "1000" : 0.000000
      },
      "latency_us" : {
        "2" : 0.000000,
        "4" : 0.000000,
        "10" : 0.000000,
        "20" : 0.000000,
        "50" : 0.000000,
        "100" : 0.000000,
        "250" : 0.453141,
        "500" : 51.325968,
        "750" : 28.466639,
        "1000" : 8.434460
      },
      "latency_ms" : {
        "2" : 8.601843,
        "4" : 2.370206,
        "10" : 0.291577,
        "20" : 0.053034,
        "50" : 0.010000,
        "100" : 0.000000,
        "250" : 0.000000,
        "500" : 0.000000,
        "750" : 0.000000,
        "1000" : 0.000000,
        "2000" : 0.000000,
        ">=2000" : 0.000000
      },
      "latency_depth" : 1,
      "latency_target" : 0,
      "latency_percentile" : 100.000000,
      "latency_window" : 0
    }
  ]
}
