{
  "fio version" : "fio-3.36",
  "timestamp" : 1777471792,
  "timestamp_ms" : 1777471792616,
  "time" : "Wed Apr 29 14:09:52 2026",
  "global options" : {
    "ioengine" : "psync",
    "direct" : "0",
    "group_reporting" : "1",
    "time_based" : "1",
    "runtime" : "60",
    "ramp_time" : "5"
  },
  "jobs" : [
    {
      "jobname" : "concurrent-mixed",
      "groupid" : 0,
      "job_start" : 1777471688865,
      "error" : 0,
      "eta" : 0,
      "elapsed" : 110,
      "job options" : {
        "rw" : "randrw",
        "rwmixread" : "70",
        "bs" : "64k",
        "size" : "128m",
        "numjobs" : "20",
        "nrfiles" : "1",
        "directory" : "/mnt/s3fs",
        "filename_format" : "conc.$jobnum.bin"
      },
      "read" : {
        "io_bytes" : 9185853440,
        "io_kbytes" : 8970560,
        "bw_bytes" : 153074596,
        "bw" : 149486,
        "iops" : 2335.732973,
        "runtime" : 60009,
        "total_ios" : 140165,
        "short_ios" : 0,
        "drop_ios" : 0,
        "slat_ns" : {
          "min" : 0,
          "max" : 0,
          "mean" : 0.000000,
          "stddev" : 0.000000,
          "N" : 0
        },
        "clat_ns" : {
          "min" : 84528,
          "max" : 2492575740,
          "mean" : 5887708.090472,
          "stddev" : 32220652.927716,
          "N" : 140165,
          "percentile" : {
            "1.000000" : 189440,
            "5.000000" : 284672,
            "10.000000" : 378880,
            "20.000000" : 610304,
            "30.000000" : 954368,
            "40.000000" : 1630208,
            "50.000000" : 2703360,
            "60.000000" : 3489792,
            "70.000000" : 4358144,
            "80.000000" : 5865472,
            "90.000000" : 9502720,
            "95.000000" : 15663104,
            "99.000000" : 44302336,
            "99.500000" : 70778880,
            "99.900000" : 658505728,
            "99.950000" : 734003200,
            "99.990000" : 1061158912
          }
        },
        "lat_ns" : {
          "min" : 84827,
          "max" : 2492577238,
          "mean" : 5888188.781108,
          "stddev" : 32220682.072725,
          "N" : 140165
        },
        "bw_min" : 2507,
        "bw_max" : 419073,
        "bw_agg" : 100.000000,
        "bw_mean" : 160962.995612,
        "bw_dev" : 4611.567319,
        "bw_samples" : 2183,
        "iops_min" : 25,
        "iops_max" : 6545,
        "iops_mean" : 2510.487642,
        "iops_stddev" : 72.096562,
        "iops_samples" : 2183
      },
      "write" : {
        "io_bytes" : 3959357440,
        "io_kbytes" : 3866560,
        "bw_bytes" : 65979393,
        "bw" : 64433,
        "iops" : 1006.765652,
        "runtime" : 60009,
        "total_ios" : 60415,
        "short_ios" : 0,
        "drop_ios" : 0,
        "slat_ns" : {
          "min" : 0,
          "max" : 0,
          "mean" : 0.000000,
          "stddev" : 0.000000,
          "N" : 0
        },
        "clat_ns" : {
          "min" : 134700,
          "max" : 1659943263,
          "mean" : 6123836.425855,
          "stddev" : 35354836.205706,
          "N" : 60415,
          "percentile" : {
            "1.000000" : 276480,
            "5.000000" : 378880,
            "10.000000" : 456704,
            "20.000000" : 593920,
            "30.000000" : 790528,
            "40.000000" : 1302528,
            "50.000000" : 2703360,
            "60.000000" : 3522560,
            "70.000000" : 4358144,
            "80.000000" : 5996544,
            "90.000000" : 9764864,
            "95.000000" : 15925248,
            "99.000000" : 44302336,
            "99.500000" : 70778880,
            "99.900000" : 683671552,
            "99.950000" : 834666496,
            "99.990000" : 1098907648
          }
        },
        "lat_ns" : {
          "min" : 136197,
          "max" : 1659950948,
          "mean" : 6126771.683142,
          "stddev" : 35354881.111907,
          "N" : 60415
        },
        "bw_min" : 2504,
        "bw_max" : 188574,
        "bw_agg" : 100.000000,
        "bw_mean" : 71565.315670,
        "bw_dev" : 1995.565455,
        "bw_samples" : 2115,
        "iops_min" : 23,
        "iops_max" : 2945,
        "iops_mean" : 1113.227124,
        "iops_stddev" : 31.233868,
        "iops_samples" : 2115
      },
      "trim" : {
        "io_bytes" : 0,
        "io_kbytes" : 0,
        "bw_bytes" : 0,
        "bw" : 0,
        "iops" : 0.000000,
        "runtime" : 0,
        "total_ios" : 0,
        "short_ios" : 0,
        "drop_ios" : 0,
        "slat_ns" : {
          "min" : 0,
          "max" : 0,
          "mean" : 0.000000,
          "stddev" : 0.000000,
          "N" : 0
        },
        "clat_ns" : {
          "min" : 0,
          "max" : 0,
          "mean" : 0.000000,
          "stddev" : 0.000000,
          "N" : 0
        },
        "lat_ns" : {
          "min" : 0,
          "max" : 0,
          "mean" : 0.000000,
          "stddev" : 0.000000,
          "N" : 0
        },
        "bw_min" : 0,
        "bw_max" : 0,
        "bw_agg" : 0.000000,
        "bw_mean" : 0.000000,
        "bw_dev" : 0.000000,
        "bw_samples" : 0,
        "iops_min" : 0,
        "iops_max" : 0,
        "iops_mean" : 0.000000,
        "iops_stddev" : 0.000000,
        "iops_samples" : 0
      },
      "sync" : {
        "total_ios" : 0,
        "lat_ns" : {
          "min" : 0,
          "max" : 0,
          "mean" : 0.000000,
          "stddev" : 0.000000,
          "N" : 0
        }
      },
      "job_runtime" : 1200025,
      "usr_cpu" : 0.277828,
      "sys_cpu" : 3.801254,
      "ctx" : 284915,
      "majf" : 0,
      "minf" : 728,
      "iodepth_level" : {
        "1" : 100.000000,
        "2" : 0.000000,
        "4" : 0.000000,
        "8" : 0.000000,
        "16" : 0.000000,
        "32" : 0.000000,
        ">=64" : 0.000000
      },
      "iodepth_submit" : {
        "0" : 0.000000,
        "4" : 100.000000,
        "8" : 0.000000,
        "16" : 0.000000,
        "32" : 0.000000,
        "64" : 0.000000,
        ">=64" : 0.000000
      },
      "iodepth_complete" : {
        "0" : 0.000000,
        "4" : 100.000000,
        "8" : 0.000000,
        "16" : 0.000000,
        "32" : 0.000000,
        "64" : 0.000000,
        ">=64" : 0.000000
      },
      "latency_ns" : {
        "2" : 0.000000,
        "4" : 0.000000,
        "10" : 0.000000,
        "20" : 0.000000,
        "50" : 0.000000,
        "100" : 0.000000,
        "250" : 0.000000,
        "500" : 0.000000,
        "750" : 0.000000,
        "1000" : 0.000000
      },
      "latency_us" : {
        "2" : 0.000000,
        "4" : 0.000000,
        "10" : 0.000000,
        "20" : 0.000000,
        "50" : 0.000000,
        "100" : 0.010000,
        "250" : 2.407020,
        "500" : 12.606441,
        "750" : 10.848041,
        "1000" : 6.537541
      },
      "latency_ms" : {
        "2" : 11.116761,
        "4" : 22.705654,
        "10" : 24.385781,
        "20" : 5.836075,
        "50" : 2.722604,
        "100" : 0.475621,
        "250" : 0.152059,
        "500" : 0.055838,
        "750" : 0.085253,
        "1000" : 0.034400,
        "2000" : 0.021936,
        ">=2000" : 0.010000
      },
      "latency_depth" : 1,
      "latency_target" : 0,
      "latency_percentile" : 100.000000,
      "latency_window" : 0
    }
  ]
}
