{
  "fio version" : "fio-3.36",
  "timestamp" : 1777471125,
  "timestamp_ms" : 1777471125156,
  "time" : "Wed Apr 29 13:58:45 2026",
  "global options" : {
    "ioengine" : "psync",
    "direct" : "0",
    "group_reporting" : "1",
    "time_based" : "1",
    "runtime" : "60",
    "ramp_time" : "5"
  },
  "jobs" : [
    {
      "jobname" : "concurrent-mixed",
      "groupid" : 0,
      "job_start" : 1777471063463,
      "error" : 0,
      "eta" : 0,
      "elapsed" : 67,
      "job options" : {
        "rw" : "randrw",
        "rwmixread" : "70",
        "bs" : "64k",
        "size" : "128m",
        "numjobs" : "1",
        "nrfiles" : "1",
        "directory" : "/mnt/s3fs",
        "filename_format" : "conc.$jobnum.bin"
      },
      "read" : {
        "io_bytes" : 10534584320,
        "io_kbytes" : 10287680,
        "bw_bytes" : 175573479,
        "bw" : 171458,
        "iops" : 2679.038683,
        "runtime" : 60001,
        "total_ios" : 160745,
        "short_ios" : 0,
        "drop_ios" : 0,
        "slat_ns" : {
          "min" : 0,
          "max" : 0,
          "mean" : 0.000000,
          "stddev" : 0.000000,
          "N" : 0
        },
        "clat_ns" : {
          "min" : 89774,
          "max" : 19235867,
          "mean" : 243793.114380,
          "stddev" : 154378.373160,
          "N" : 160745,
          "percentile" : {
            "1.000000" : 160768,
            "5.000000" : 183296,
            "10.000000" : 195584,
            "20.000000" : 211968,
            "30.000000" : 222208,
            "40.000000" : 232448,
            "50.000000" : 240640,
            "60.000000" : 248832,
            "70.000000" : 257024,
            "80.000000" : 268288,
            "90.000000" : 280576,
            "95.000000" : 296960,
            "99.000000" : 346112,
            "99.500000" : 407552,
            "99.900000" : 978944,
            "99.950000" : 1581056,
            "99.990000" : 6127616
          }
        },
        "lat_ns" : {
          "min" : 90074,
          "max" : 19236266,
          "mean" : 244049.977393,
          "stddev" : 154402.209032,
          "N" : 160745
        },
        "bw_min" : 141824,
        "bw_max" : 198400,
        "bw_agg" : 100.000000,
        "bw_mean" : 171484.109244,
        "bw_dev" : 12497.840098,
        "bw_samples" : 119,
        "iops_min" : 2216,
        "iops_max" : 3100,
        "iops_mean" : 2679.420168,
        "iops_stddev" : 195.296580,
        "iops_samples" : 119
      },
      "write" : {
        "io_bytes" : 4514119680,
        "io_kbytes" : 4408320,
        "bw_bytes" : 75234074,
        "bw" : 73470,
        "iops" : 1147.980867,
        "runtime" : 60001,
        "total_ios" : 68880,
        "short_ios" : 0,
        "drop_ios" : 0,
        "slat_ns" : {
          "min" : 0,
          "max" : 0,
          "mean" : 0.000000,
          "stddev" : 0.000000,
          "N" : 0
        },
        "clat_ns" : {
          "min" : 104550,
          "max" : 19100111,
          "mean" : 260083.515041,
          "stddev" : 163300.032165,
          "N" : 68880,
          "percentile" : {
            "1.000000" : 175104,
            "5.000000" : 199680,
            "10.000000" : 211968,
            "20.000000" : 226304,
            "30.000000" : 238592,
            "40.000000" : 248832,
            "50.000000" : 257024,
            "60.000000" : 264192,
            "70.000000" : 272384,
            "80.000000" : 284672,
            "90.000000" : 296960,
            "95.000000" : 313344,
            "99.000000" : 370688,
            "99.500000" : 440320,
            "99.900000" : 1105920,
            "99.950000" : 1531904,
            "99.990000" : 5079040
          }
        },
        "lat_ns" : {
          "min" : 105352,
          "max" : 19101010,
          "mean" : 261217.651365,
          "stddev" : 163352.805994,
          "N" : 68880
        },
        "bw_min" : 60032,
        "bw_max" : 89856,
        "bw_agg" : 99.979889,
        "bw_mean" : 73456.815126,
        "bw_dev" : 6196.510338,
        "bw_samples" : 119,
        "iops_min" : 938,
        "iops_max" : 1404,
        "iops_mean" : 1147.747899,
        "iops_stddev" : 96.808234,
        "iops_samples" : 119
      },
      "trim" : {
        "io_bytes" : 0,
        "io_kbytes" : 0,
        "bw_bytes" : 0,
        "bw" : 0,
        "iops" : 0.000000,
        "runtime" : 0,
        "total_ios" : 0,
        "short_ios" : 0,
        "drop_ios" : 0,
        "slat_ns" : {
          "min" : 0,
          "max" : 0,
          "mean" : 0.000000,
          "stddev" : 0.000000,
          "N" : 0
        },
        "clat_ns" : {
          "min" : 0,
          "max" : 0,
          "mean" : 0.000000,
          "stddev" : 0.000000,
          "N" : 0
        },
        "lat_ns" : {
          "min" : 0,
          "max" : 0,
          "mean" : 0.000000,
          "stddev" : 0.000000,
          "N" : 0
        },
        "bw_min" : 0,
        "bw_max" : 0,
        "bw_agg" : 0.000000,
        "bw_mean" : 0.000000,
        "bw_dev" : 0.000000,
        "bw_samples" : 0,
        "iops_min" : 0,
        "iops_max" : 0,
        "iops_mean" : 0.000000,
        "iops_stddev" : 0.000000,
        "iops_samples" : 0
      },
      "sync" : {
        "total_ios" : 0,
        "lat_ns" : {
          "min" : 0,
          "max" : 0,
          "mean" : 0.000000,
          "stddev" : 0.000000,
          "N" : 0
        }
      },
      "job_runtime" : 60000,
      "usr_cpu" : 3.156667,
      "sys_cpu" : 28.778333,
      "ctx" : 230359,
      "majf" : 0,
      "minf" : 36,
      "iodepth_level" : {
        "1" : 100.000000,
        "2" : 0.000000,
        "4" : 0.000000,
        "8" : 0.000000,
        "16" : 0.000000,
        "32" : 0.000000,
        ">=64" : 0.000000
      },
      "iodepth_submit" : {
        "0" : 0.000000,
        "4" : 100.000000,
        "8" : 0.000000,
        "16" : 0.000000,
        "32" : 0.000000,
        "64" : 0.000000,
        ">=64" : 0.000000
      },
      "iodepth_complete" : {
        "0" : 0.000000,
        "4" : 100.000000,
        "8" : 0.000000,
        "16" : 0.000000,
        "32" : 0.000000,
        "64" : 0.000000,
        ">=64" : 0.000000
      },
      "latency_ns" : {
        "2" : 0.000000,
        "4" : 0.000000,
        "10" : 0.000000,
        "20" : 0.000000,
        "50" : 0.000000,
        "100" : 0.000000,
        "250" : 0.000000,
        "500" : 0.000000,
        "750" : 0.000000,
        "1000" : 0.000000
      },
      "latency_us" : {
        "2" : 0.000000,
        "4" : 0.000000,
        "10" : 0.000000,
        "20" : 0.000000,
        "50" : 0.000000,
        "100" : 0.010000,
        "250" : 55.827545,
        "500" : 43.821884,
        "750" : 0.182471,
        "1000" : 0.060969
      },
      "latency_ms" : {
        "2" : 0.072727,
        "4" : 0.016549,
        "10" : 0.010000,
        "20" : 0.010000,
        "50" : 0.000000,
        "100" : 0.000000,
        "250" : 0.000000,
        "500" : 0.000000,
        "750" : 0.000000,
        "1000" : 0.000000,
        "2000" : 0.000000,
        ">=2000" : 0.000000
      },
      "latency_depth" : 1,
      "latency_target" : 0,
      "latency_percentile" : 100.000000,
      "latency_window" : 0
    }
  ]
}
