{
  "fio version" : "fio-3.36",
  "timestamp" : 1777471479,
  "timestamp_ms" : 1777471479599,
  "time" : "Wed Apr 29 14:04:39 2026",
  "global options" : {
    "ioengine" : "psync",
    "direct" : "0",
    "group_reporting" : "1",
    "time_based" : "1",
    "runtime" : "60",
    "ramp_time" : "5"
  },
  "jobs" : [
    {
      "jobname" : "concurrent-mixed",
      "groupid" : 0,
      "job_start" : 1777471403044,
      "error" : 0,
      "eta" : 0,
      "elapsed" : 82,
      "job options" : {
        "rw" : "randrw",
        "rwmixread" : "70",
        "bs" : "64k",
        "size" : "128m",
        "numjobs" : "10",
        "nrfiles" : "1",
        "directory" : "/mnt/s3fs",
        "filename_format" : "conc.$jobnum.bin"
      },
      "read" : {
        "io_bytes" : 30207901696,
        "io_kbytes" : 29499904,
        "bw_bytes" : 503456637,
        "bw" : 491656,
        "iops" : 7682.138631,
        "runtime" : 60001,
        "total_ios" : 460936,
        "short_ios" : 0,
        "drop_ios" : 0,
        "slat_ns" : {
          "min" : 0,
          "max" : 0,
          "mean" : 0.000000,
          "stddev" : 0.000000,
          "N" : 0
        },
        "clat_ns" : {
          "min" : 58426,
          "max" : 1456018469,
          "mean" : 865232.401236,
          "stddev" : 5859129.496552,
          "N" : 460936,
          "percentile" : {
            "1.000000" : 116224,
            "5.000000" : 164864,
            "10.000000" : 191488,
            "20.000000" : 232448,
            "30.000000" : 276480,
            "40.000000" : 337920,
            "50.000000" : 428032,
            "60.000000" : 643072,
            "70.000000" : 937984,
            "80.000000" : 1253376,
            "90.000000" : 1794048,
            "95.000000" : 2408448,
            "99.000000" : 4489216,
            "99.500000" : 6193152,
            "99.900000" : 17170432,
            "99.950000" : 21364736,
            "99.990000" : 83361792
          }
        },
        "lat_ns" : {
          "min" : 58625,
          "max" : 1456018769,
          "mean" : 865609.945732,
          "stddev" : 5859133.062010,
          "N" : 460936
        },
        "bw_min" : 148687,
        "bw_max" : 761269,
        "bw_agg" : 100.000000,
        "bw_mean" : 499445.675214,
        "bw_dev" : 13813.654047,
        "bw_samples" : 1170,
        "iops_min" : 2320,
        "iops_max" : 11894,
        "iops_mean" : 7802.034188,
        "iops_stddev" : 215.832198,
        "iops_samples" : 1170
      },
      "write" : {
        "io_bytes" : 12951879680,
        "io_kbytes" : 12648320,
        "bw_bytes" : 215861063,
        "bw" : 210801,
        "iops" : 3293.778437,
        "runtime" : 60001,
        "total_ios" : 197630,
        "short_ios" : 0,
        "drop_ios" : 0,
        "slat_ns" : {
          "min" : 0,
          "max" : 0,
          "mean" : 0.000000,
          "stddev" : 0.000000,
          "N" : 0
        },
        "clat_ns" : {
          "min" : 76875,
          "max" : 1455147671,
          "mean" : 947458.754202,
          "stddev" : 7096028.055104,
          "N" : 197630,
          "percentile" : {
            "1.000000" : 142336,
            "5.000000" : 191488,
            "10.000000" : 222208,
            "20.000000" : 272384,
            "30.000000" : 329728,
            "40.000000" : 399360,
            "50.000000" : 505856,
            "60.000000" : 733184,
            "70.000000" : 1019904,
            "80.000000" : 1335296,
            "90.000000" : 1892352,
            "95.000000" : 2506752,
            "99.000000" : 4554752,
            "99.500000" : 6258688,
            "99.900000" : 17956864,
            "99.950000" : 22937600,
            "99.990000" : 107479040
          }
        },
        "lat_ns" : {
          "min" : 79388,
          "max" : 1455149369,
          "mean" : 949789.533704,
          "stddev" : 7096107.738367,
          "N" : 197630
        },
        "bw_min" : 61510,
        "bw_max" : 335557,
        "bw_agg" : 100.000000,
        "bw_mean" : 214203.042735,
        "bw_dev" : 6048.620409,
        "bw_samples" : 1170,
        "iops_min" : 960,
        "iops_max" : 5243,
        "iops_mean" : 3344.692308,
        "iops_stddev" : 94.460902,
        "iops_samples" : 1170
      },
      "trim" : {
        "io_bytes" : 0,
        "io_kbytes" : 0,
        "bw_bytes" : 0,
        "bw" : 0,
        "iops" : 0.000000,
        "runtime" : 0,
        "total_ios" : 0,
        "short_ios" : 0,
        "drop_ios" : 0,
        "slat_ns" : {
          "min" : 0,
          "max" : 0,
          "mean" : 0.000000,
          "stddev" : 0.000000,
          "N" : 0
        },
        "clat_ns" : {
          "min" : 0,
          "max" : 0,
          "mean" : 0.000000,
          "stddev" : 0.000000,
          "N" : 0
        },
        "lat_ns" : {
          "min" : 0,
          "max" : 0,
          "mean" : 0.000000,
          "stddev" : 0.000000,
          "N" : 0
        },
        "bw_min" : 0,
        "bw_max" : 0,
        "bw_agg" : 0.000000,
        "bw_mean" : 0.000000,
        "bw_dev" : 0.000000,
        "bw_samples" : 0,
        "iops_min" : 0,
        "iops_max" : 0,
        "iops_mean" : 0.000000,
        "iops_stddev" : 0.000000,
        "iops_samples" : 0
      },
      "sync" : {
        "total_ios" : 0,
        "lat_ns" : {
          "min" : 0,
          "max" : 0,
          "mean" : 0.000000,
          "stddev" : 0.000000,
          "N" : 0
        }
      },
      "job_runtime" : 600000,
      "usr_cpu" : 1.217000,
      "sys_cpu" : 12.960667,
      "ctx" : 669847,
      "majf" : 0,
      "minf" : 365,
      "iodepth_level" : {
        "1" : 100.000000,
        "2" : 0.000000,
        "4" : 0.000000,
        "8" : 0.000000,
        "16" : 0.000000,
        "32" : 0.000000,
        ">=64" : 0.000000
      },
      "iodepth_submit" : {
        "0" : 0.000000,
        "4" : 100.000000,
        "8" : 0.000000,
        "16" : 0.000000,
        "32" : 0.000000,
        "64" : 0.000000,
        ">=64" : 0.000000
      },
      "iodepth_complete" : {
        "0" : 0.000000,
        "4" : 100.000000,
        "8" : 0.000000,
        "16" : 0.000000,
        "32" : 0.000000,
        "64" : 0.000000,
        ">=64" : 0.000000
      },
      "latency_ns" : {
        "2" : 0.000000,
        "4" : 0.000000,
        "10" : 0.000000,
        "20" : 0.000000,
        "50" : 0.000000,
        "100" : 0.000000,
        "250" : 0.000000,
        "500" : 0.000000,
        "750" : 0.000000,
        "1000" : 0.000000
      },
      "latency_us" : {
        "2" : 0.000000,
        "4" : 0.000000,
        "10" : 0.000000,
        "20" : 0.000000,
        "50" : 0.000000,
        "100" : 0.194210,
        "250" : 21.339547,
        "500" : 31.436485,
        "750" : 9.634873,
        "1000" : 8.694193
      },
      "latency_ms" : {
        "2" : 20.556026,
        "4" : 6.795371,
        "10" : 1.130335,
        "20" : 0.152604,
        "50" : 0.051020,
        "100" : 0.010000,
        "250" : 0.010000,
        "500" : 0.000000,
        "750" : 0.010000,
        "1000" : 0.000000,
        "2000" : 0.010000,
        ">=2000" : 0.000000
      },
      "latency_depth" : 1,
      "latency_target" : 0,
      "latency_percentile" : 100.000000,
      "latency_window" : 0
    }
  ]
}
