{
  "fio version" : "fio-3.36",
  "timestamp" : 1777471288,
  "timestamp_ms" : 1777471288225,
  "time" : "Wed Apr 29 14:01:28 2026",
  "global options" : {
    "ioengine" : "psync",
    "direct" : "0",
    "group_reporting" : "1",
    "time_based" : "1",
    "runtime" : "60",
    "ramp_time" : "5"
  },
  "jobs" : [
    {
      "jobname" : "concurrent-mixed",
      "groupid" : 0,
      "job_start" : 1777471219387,
      "error" : 0,
      "eta" : 0,
      "elapsed" : 75,
      "job options" : {
        "rw" : "randrw",
        "rwmixread" : "70",
        "bs" : "64k",
        "size" : "128m",
        "numjobs" : "5",
        "nrfiles" : "1",
        "directory" : "/mnt/s3fs",
        "filename_format" : "conc.$jobnum.bin"
      },
      "read" : {
        "io_bytes" : 29282140160,
        "io_kbytes" : 28595840,
        "bw_bytes" : 456534770,
        "bw" : 445834,
        "iops" : 6966.167758,
        "runtime" : 64140,
        "total_ios" : 446810,
        "short_ios" : 0,
        "drop_ios" : 0,
        "slat_ns" : {
          "min" : 0,
          "max" : 0,
          "mean" : 0.000000,
          "stddev" : 0.000000,
          "N" : 0
        },
        "clat_ns" : {
          "min" : 65152,
          "max" : 4112553735,
          "mean" : 450468.232345,
          "stddev" : 6298506.389110,
          "N" : 446810,
          "percentile" : {
            "1.000000" : 126464,
            "5.000000" : 168960,
            "10.000000" : 187392,
            "20.000000" : 211968,
            "30.000000" : 236544,
            "40.000000" : 264192,
            "50.000000" : 292864,
            "60.000000" : 329728,
            "70.000000" : 382976,
            "80.000000" : 456704,
            "90.000000" : 610304,
            "95.000000" : 823296,
            "99.000000" : 2342912,
            "99.500000" : 4554752,
            "99.900000" : 19267584,
            "99.950000" : 31326208,
            "99.990000" : 53215232
          }
        },
        "lat_ns" : {
          "min" : 65452,
          "max" : 4112554950,
          "mean" : 450858.632808,
          "stddev" : 6298519.163032,
          "N" : 446810
        },
        "bw_min" : 82307,
        "bw_max" : 724886,
        "bw_agg" : 100.000000,
        "bw_mean" : 478713.530812,
        "bw_dev" : 35796.878997,
        "bw_samples" : 596,
        "iops_min" : 1284,
        "iops_max" : 11326,
        "iops_mean" : 7479.071709,
        "iops_stddev" : 559.394666,
        "iops_samples" : 596
      },
      "write" : {
        "io_bytes" : 12583763968,
        "io_kbytes" : 12288832,
        "bw_bytes" : 196192141,
        "bw" : 191593,
        "iops" : 2993.654506,
        "runtime" : 64140,
        "total_ios" : 192013,
        "short_ios" : 0,
        "drop_ios" : 0,
        "slat_ns" : {
          "min" : 0,
          "max" : 0,
          "mean" : 0.000000,
          "stddev" : 0.000000,
          "N" : 0
        },
        "clat_ns" : {
          "min" : 83225,
          "max" : 99400662,
          "mean" : 463657.464979,
          "stddev" : 1102568.152844,
          "N" : 192013,
          "percentile" : {
            "1.000000" : 150528,
            "5.000000" : 189440,
            "10.000000" : 207872,
            "20.000000" : 234496,
            "30.000000" : 261120,
            "40.000000" : 292864,
            "50.000000" : 329728,
            "60.000000" : 370688,
            "70.000000" : 428032,
            "80.000000" : 505856,
            "90.000000" : 659456,
            "95.000000" : 872448,
            "99.000000" : 2310144,
            "99.500000" : 4227072,
            "99.900000" : 16711680,
            "99.950000" : 24772608,
            "99.990000" : 40632320
          }
        },
        "lat_ns" : {
          "min" : 85223,
          "max" : 99404962,
          "mean" : 465900.797602,
          "stddev" : 1104285.583449,
          "N" : 192013
        },
        "bw_min" : 35359,
        "bw_max" : 318081,
        "bw_agg" : 100.000000,
        "bw_mean" : 205719.070238,
        "bw_dev" : 15466.576354,
        "bw_samples" : 596,
        "iops_min" : 550,
        "iops_max" : 4970,
        "iops_mean" : 3213.375490,
        "iops_stddev" : 241.719982,
        "iops_samples" : 596
      },
      "trim" : {
        "io_bytes" : 0,
        "io_kbytes" : 0,
        "bw_bytes" : 0,
        "bw" : 0,
        "iops" : 0.000000,
        "runtime" : 0,
        "total_ios" : 0,
        "short_ios" : 0,
        "drop_ios" : 0,
        "slat_ns" : {
          "min" : 0,
          "max" : 0,
          "mean" : 0.000000,
          "stddev" : 0.000000,
          "N" : 0
        },
        "clat_ns" : {
          "min" : 0,
          "max" : 0,
          "mean" : 0.000000,
          "stddev" : 0.000000,
          "N" : 0
        },
        "lat_ns" : {
          "min" : 0,
          "max" : 0,
          "mean" : 0.000000,
          "stddev" : 0.000000,
          "N" : 0
        },
        "bw_min" : 0,
        "bw_max" : 0,
        "bw_agg" : 0.000000,
        "bw_mean" : 0.000000,
        "bw_dev" : 0.000000,
        "bw_samples" : 0,
        "iops_min" : 0,
        "iops_max" : 0,
        "iops_mean" : 0.000000,
        "iops_stddev" : 0.000000,
        "iops_samples" : 0
      },
      "sync" : {
        "total_ios" : 0,
        "lat_ns" : {
          "min" : 0,
          "max" : 0,
          "mean" : 0.000000,
          "stddev" : 0.000000,
          "N" : 0
        }
      },
      "job_runtime" : 304163,
      "usr_cpu" : 2.233342,
      "sys_cpu" : 30.906126,
      "ctx" : 645564,
      "majf" : 0,
      "minf" : 183,
      "iodepth_level" : {
        "1" : 100.000000,
        "2" : 0.000000,
        "4" : 0.000000,
        "8" : 0.000000,
        "16" : 0.000000,
        "32" : 0.000000,
        ">=64" : 0.000000
      },
      "iodepth_submit" : {
        "0" : 0.000000,
        "4" : 100.000000,
        "8" : 0.000000,
        "16" : 0.000000,
        "32" : 0.000000,
        "64" : 0.000000,
        ">=64" : 0.000000
      },
      "iodepth_complete" : {
        "0" : 0.000000,
        "4" : 100.000000,
        "8" : 0.000000,
        "16" : 0.000000,
        "32" : 0.000000,
        "64" : 0.000000,
        ">=64" : 0.000000
      },
      "latency_ns" : {
        "2" : 0.000000,
        "4" : 0.000000,
        "10" : 0.000000,
        "20" : 0.000000,
        "50" : 0.000000,
        "100" : 0.000000,
        "250" : 0.000000,
        "500" : 0.000000,
        "750" : 0.000000,
        "1000" : 0.000000
      },
      "latency_us" : {
        "2" : 0.000000,
        "4" : 0.000000,
        "10" : 0.000000,
        "20" : 0.000000,
        "50" : 0.000000,
        "100" : 0.074669,
        "250" : 32.472845,
        "500" : 49.988494,
        "750" : 11.004770,
        "1000" : 2.963419
      },
      "latency_ms" : {
        "2" : 2.283418,
        "4" : 0.657146,
        "10" : 0.331547,
        "20" : 0.135092,
        "50" : 0.079678,
        "100" : 0.010000,
        "250" : 0.000000,
        "500" : 0.000000,
        "750" : 0.000000,
        "1000" : 0.000000,
        "2000" : 0.000000,
        ">=2000" : 0.010000
      },
      "latency_depth" : 1,
      "latency_target" : 0,
      "latency_percentile" : 100.000000,
      "latency_window" : 0
    }
  ]
}
